动物综合,把各种毒虫放进同一个瓶子里！谁能活到最后？,,40.9万,1315,2021-07-06,歪点子实验室,,03:00,https://www.bilibili.com/video/BV1Hf4y1L78L
动物综合,给蚂蟥打上一个结，它能自己解开吗？,,257.0万,1640,2021-04-23,歪点子实验室,,02:29,https://www.bilibili.com/video/BV1to4y1f7sa
动物综合,大螂！该吃药啦！蟑螂一碰就死？用什么方法能最快速灭杀蟑螂？,,14.5万,522,2021-08-28,歪点子实验室,,04:06,https://www.bilibili.com/video/BV15P4y1W74m
动物综合,小强在100%纯氧气中能活下来吗？传说中它会变大？,,495.8万,5894,2021-04-20,歪点子实验室,,03:40,https://www.bilibili.com/video/BV1Si4y1A7Q7
动物综合,歪叔进山抓虫子！不巧遇到了剧毒昆虫！,,25.5万,695,2021-07-02,歪点子实验室,,03:12,https://www.bilibili.com/video/BV1yb4y1C7tw
动物综合,【实验】清道夫：你们知道我这一个月是怎么过来的吗？,看它的嘴巴，像个吸盘一样吸在鱼缸壁上，呼吸的时候不停把水从鱼缸壁上往嘴里吸，顺带着把青苔和水垢一起吸进去，吃下去。,20.3万,796,2020-08-19,歪点子实验室,,05:30,https://www.bilibili.com/video/BV1ti4y1g71p
动物综合,小强拉磨！真的可以吗？只要功夫深，大米磨成粉！,,22.7万,1211,2021-08-14,歪点子实验室,,04:00,https://www.bilibili.com/video/BV1SU4y177q2
动物综合,把一条吸满血的蚂蟥扔给鳄龟吃！这画面简直了！,,109.4万,947,2021-04-30,歪点子实验室,,03:45,https://www.bilibili.com/video/BV1L54y1j7kT
动物综合,变成一堆白骨！往100000条面包虫里扔一条金鱼会怎么样？,,484.6万,1281,2021-04-27,歪点子实验室,,02:25,https://www.bilibili.com/video/BV1mq4y1E7go
动物综合,戳爆福寿螺的卵！彻底消灭入侵物种！,,43.1万,908,2021-06-09,歪点子实验室,,02:32,https://www.bilibili.com/video/BV1m64y1R76k
动物综合,什么动物腿最多？开箱两条巨型马陆！,在百度百科查到了这么一段对马陆药理研究的话，对精原细胞的抑制作用千足虫乙醇液及干足虫二甲基亚砜液对小鼠精原细胞有一定抑制作用。那就是说用马陆泡酒可以用作男性BY药？,12.1万,1212,2020-08-07,歪点子实验室,,05:05,https://www.bilibili.com/video/BV19K4y1v7d9
动物综合,蟑螂住进大别墅！我是如何养蟑螂的？,前不久，由于天气炎热，我损失了很多蟑螂兄弟。所以我计划给蟑螂换个舒适一点的家。,9.2万,488,2020-08-31,歪点子实验室,,03:56,https://www.bilibili.com/video/BV1Gk4y1y7HW
动物综合,危！被大虫子咬一口会很疼吗？歪叔亲身经历！,,120.4万,1471,2021-06-01,歪点子实验室,,02:50,https://www.bilibili.com/video/BV1w44y167yd
动物综合,把蟑螂和壁虎关在一起会怎么样？这个结局你一定想不到！,,76.6万,427,2021-05-12,歪点子实验室,,02:24,https://www.bilibili.com/video/BV1kv41157NK
动物综合,把你的衣服全吃掉！这是一条会吃衣服的鱼！,,13.4万,766,2021-08-11,歪点子实验室,,02:16,https://www.bilibili.com/video/BV11g411j7n9
动物综合,100只小螳螂意外孵化！霸占了我的车子！,,30.6万,788,2021-06-15,歪点子实验室,,02:23,https://www.bilibili.com/video/BV1LX4y1A7HU
动物综合,有毒的毛毛虫“洋辣子”！蜇一下会很疼吗？,,51.7万,2135,2021-08-21,歪点子实验室,,03:39,https://www.bilibili.com/video/BV1tM4y1L79A
动物综合,蚯蚓到底有没有眼睛？怎么区分蚯蚓的头和尾？,,73.2万,303,2021-05-25,歪点子实验室,,02:20,https://www.bilibili.com/video/BV1654y1V7G6
动物综合,爆头！锁喉！爆gang！这种蚂蚁实在是太厉害了！,,140.8万,2357,2021-07-20,歪点子实验室,,03:58,https://www.bilibili.com/video/BV1cq4y1s7Yu
动物综合,歪叔去“赶海”，看有没有抓到什么大货？,,35.0万,364,2021-06-18,歪点子实验室,,02:47,https://www.bilibili.com/video/BV13M4y1u7P7
动物综合,全程高能！200只小强一起干饭，这画面真的是醉了！,,39.6万,369,2021-05-07,歪点子实验室,,01:43,https://www.bilibili.com/video/BV1uK4y1d7Rx
动物综合,这种虫子叫做“海蟑螂”！与普通蟑螂有什么区别？,,79.8万,633,2021-06-25,歪点子实验室,,02:27,https://www.bilibili.com/video/BV1SX4y1A7k7
动物综合,这居然是一根“蚂蚁的毒刺”！在显微镜下拔出毒刺！,,15.6万,738,2021-08-02,歪点子实验室,,02:15,https://www.bilibili.com/video/BV1cf4y1V7wK
动物综合,给小强吃点盐会怎么样？会不会直接变成卤蟑螂？,,117.7万,4264,2021-07-24,歪点子实验室,,03:18,https://www.bilibili.com/video/BV1f54y1E765
动物综合,这只大青虫真的好惨！先被寄生蜂骚扰！又被食虫草吃掉！,,115.3万,1944,2021-07-13,歪点子实验室,,03:15,https://www.bilibili.com/video/BV1oV411W75o
动物综合,用2000伏的电蚊拍灭蟑螂是什么体验？,,39.0万,1117,2021-08-18,歪点子实验室,,02:27,https://www.bilibili.com/video/BV1Do4y1U7d9
动物综合,白蚁开始产卵了！还孵出了小白蚁！,,61.0万,190,2021-05-18,歪点子实验室,,02:27,https://www.bilibili.com/video/BV13U4y1L7Yc
动物综合,10000只蚂蚁围攻苍蝇宝宝！舒服了！,,26.9万,432,2021-06-22,歪点子实验室,,02:57,https://www.bilibili.com/video/BV18U4y1G7JL
动物综合,当小强被“食虫草”夹住以后！真的会被化成一滩“脓水”吗？,,99.8万,3652,2021-07-17,歪点子实验室,,04:10,https://www.bilibili.com/video/BV11o4y1X75L
动物综合,我居然养了1000只小强！喂给蜘蛛吃蟑螂！,,100.1万,2417,2021-07-29,歪点子实验室,,03:55,https://www.bilibili.com/video/BV16V411p7pL
动物综合,蟑螂演奏音乐？配这个BGM刚刚好！,当小强吃了蟑螂药以后，开启了音乐模式！,7.7万,303,2020-08-05,歪点子实验室,,01:52,https://www.bilibili.com/video/BV1uK411n769
动物综合,不可思议！从蟑螂肚子里钻出一条蛆！,,33.8万,1059,2021-06-04,歪点子实验室,,02:07,https://www.bilibili.com/video/BV1Zh411Y7Xs
动物综合,小强在干燥环境中能活下来吗？会不会直接变“干shi”？,,336.5万,6550,2021-07-09,歪点子实验室,,03:00,https://www.bilibili.com/video/BV1Av411p7id
动物综合,给50只蟑螂同时吃蟑螂药会怎么样？好壮观！,,21.9万,1481,2021-06-29,歪点子实验室,,03:25,https://www.bilibili.com/video/BV1p64y1b7XZ
动物综合,这是一只长着60条腿的巨型蟑螂！长度超过20厘米！太恐怖了！,,171.8万,4365,2021-08-07,歪点子实验室,,02:47,https://www.bilibili.com/video/BV1cq4y1Q7hJ
动物综合,往100000条面包虫里扔20根香烟会怎么样？,,26.8万,417,2021-04-16,歪点子实验室,,02:39,https://www.bilibili.com/video/BV1gV411H7SG
动物综合,屎壳郎身上长满了寄生虫！一滴酒精下去全灭了！痛快！,,80.8万,1632,2021-05-28,歪点子实验室,,02:09,https://www.bilibili.com/video/BV1wo4y127Yi
家居房产,当蟑螂遇到扫地机器人！又一个灭蟑螂神器诞生了！,,28.6万,709,2021-01-05,歪点子实验室,,07:29,https://www.bilibili.com/video/BV1ez4y167JC
手工,抓到两只南方大蟑螂！注入502胶水！做成水晶标本留作纪念！,突然又想到了一个制作水晶标本的好方法，把玻璃烧熔了滴在蟑螂身上，嗯，应该是个好主意，那么点个赞，期待一下吧。,77.5万,495,2021-03-02,歪点子实验室,,06:09,https://www.bilibili.com/video/BV1Sv411Y7K7
手工,红色的螳螂死了！不如把它做成标本吧！,今天发生了一件非常不幸的事情，母兰花螳螂死掉了，幼年丧妻，要打一辈子光棍了，真可惜！为了不让公螳螂过度悲伤和寂寞，我决定把母螳螂尸体做成水晶标本！这样她就可以永远陪在公螳螂身边了！,20.3万,266,2021-03-09,歪点子实验室,,03:40,https://www.bilibili.com/video/BV1Mp4y1h7B3
搞笑,永动汽车？？？这可能是世界上最环保的汽车！,不需要加油，更不需要充电，它就能开起来了，在节能环保的同时，还能分解掉一些生活垃圾，下面就带大家来看看这台新能源汽车的研发过程吧，还请各位大佬给我点个赞，鼓励一下新能源科技的发展，为世界环境做一点贡献。,28.0万,828,2020-10-27,歪点子实验室,,04:23,https://www.bilibili.com/video/BV1xV411y7Cf
搞笑,每分钟14500转！蟑螂会被转晕吗？,,41.1万,1206,2021-01-15,歪点子实验室,,03:21,https://www.bilibili.com/video/BV1W54y1s7L3
搞笑,小强拔河比赛！输了后果很严重！,,28.7万,1010,2020-11-07,歪点子实验室,,02:13,https://www.bilibili.com/video/BV1uy4y1k7rc
搞笑,在抽屉里发现一只南方大蟑螂！直接用热熔胶把它做成水晶标本！,今天在抽屉里发现一只南方大蟑螂，我二话不说，直接抓起来，掏出热熔枪！把它做成了一具水晶标本！,36.8万,894,2020-10-30,歪点子实验室,,04:02,https://www.bilibili.com/video/BV1G54y1r7uR
搞笑,世界上最搞笑的“永动机”？！？,今天做了个“永动机”给大家看看，有没有量产的可能？,31.0万,624,2020-09-28,歪点子实验室,,04:19,https://www.bilibili.com/video/BV1oK411K7y1
搞笑,如果给蟑螂吃点食用色素，真的会变成彩色小强吗？,大家应该都有这个经历吧，喝了一些含有色素的饮料，舌头会变色，今天突发奇想，如果给蟑螂喝一些没有被稀释过的浓色素，会不会把蟑螂也染色呢？,13.5万,555,2020-11-02,歪点子实验室,,03:10,https://www.bilibili.com/video/BV1HD4y1R7zZ
搞笑,两只老虎爱跳舞重口味版：65536只蟑螂爱跳舞？,,17.6万,215,2021-03-26,歪点子实验室,,02:41,https://www.bilibili.com/video/BV1Af4y1x7SW
搞笑,全世界最便宜的iPhone12！拆开后我吓尿了！,本视频纯属恶搞，如果你喜欢这个视频，请给我点个赞吧！,49.0万,824,2021-01-29,歪点子实验室,,04:19,https://www.bilibili.com/video/BV1954y1p7qF
搞笑,什么东西比蟑螂还脏？！比蜘蛛还毒？！,,11.0万,384,2021-01-12,歪点子实验室,,02:23,https://www.bilibili.com/video/BV1Uv4y1Z7sJ
搞笑,小强踩高跷！蟑螂界的长腿欧巴！,蟑螂兄这几天很郁闷，他觉得自己的腿太短了，跑起来还不够快，抢食物都抢不到。所以今天，我想了个办法，给蟑螂兄装一套“高跷”，让他拥有一双，哦不对，是三双傲人的大长腿，既迷人，又跑得快，一举两得,9.2万,502,2020-10-19,歪点子实验室,,04:23,https://www.bilibili.com/video/BV1R541157Qq
数码,蟑螂入侵显卡！把显卡搞炸掉了！损失惨重！,,10.1万,536,2021-08-25,歪点子实验室,,03:15,https://www.bilibili.com/video/BV1mQ4y1Y7t9
数码,Get新装备，去发现“外星人的眼睛”！,,23.9万,311,2021-03-22,歪点子实验室,,03:28,https://www.bilibili.com/video/BV1bi4y1K7QD
数码,【危】蟑螂入侵电源，能把电源搞炸掉吗？（上）,今天我们要做的实验就是测试蟑螂能在电源里存活多久，最终能不能把电源搞爆掉。这是我花巨资买的海韵电源，你们说海韵的工作人员看到这个视频会不会气疯了？,9.3万,380,2020-09-02,歪点子实验室,,03:58,https://www.bilibili.com/video/BV1BD4y1m7xa
数码,当蟑螂跑进电脑里！瞬间火花四溅！,,36.9万,939,2021-02-02,歪点子实验室,,02:59,https://www.bilibili.com/video/BV1QK4y1H7yi
日常,歪点子实验室向好奇五先生道歉，对不起，我错了！,,16.7万,3739,2021-08-29,歪点子实验室,,04:51,https://www.bilibili.com/video/BV1sb4y1m7Z6
日常,把蟑螂的“菊花”封住！让它只吃不拉！能存活几天？,中国古代有一种神兽，名字叫貔貅。据说这种神兽只吃不拉，因为它压根就没有肛门。最近，蟑螂四兄弟觉得自己生为蟑螂太平凡了，想要做比较厉害一点的角色。最后决定封住自己的肛门，成为一只上古神兽--貔貅。,117.2万,6371,2020-04-17,歪点子实验室,,03:55,https://www.bilibili.com/video/BV1ZK411V7MA
日常,全球第一只喝82年拉菲的蟑螂！一口下去几千块钱没了！,这应该是全球第一只喝过82年拉菲的蟑螂，一瓶几万块啊，一瓶盖至少1千多块钱吧，什么？你说我这瓶是假的？来来来，仔细看看，跟敬汉卿的那瓶长得可是一模一样！,23.8万,809,2019-11-22,歪点子实验室,,03:09,https://www.bilibili.com/video/BV1ZJ411R7cB
日常,蟑螂能扛得住12级大台风吗？,今天送给蟑螂兄一个新玩具，一个大功率吹风机，听卖家说吹出的风可以达到12级。不知道卖家有没有吹牛，接下来就拿它来吹吹蟑螂，看蟑螂能不能抵御得住12级大台风。,20.6万,1162,2020-01-13,歪点子实验室,,02:15,https://www.bilibili.com/video/BV1QJ411n7dt
日常,真的瞬间冰冻住了？给水蛭喷快速降温剂！,这是一瓶快速降温剂，熟悉我的朋友应该知道，之间给蟑螂兄用过，效果非常好。今天我们要给水蛭试一下这瓶快速降温剂，如果你坚持看完，你会发现，快速降温剂真的非常牛B。好了，屁话不多说，开始吧。,132.6万,4869,2020-03-10,歪点子实验室,,02:34,https://www.bilibili.com/video/BV1gE411T7ZQ
日常,歪叔进山抓虫子咯，各种奇奇怪怪的虫子,前几天我又去爬山了，别人爬山可能是锻炼身体，或者是看美丽风景，但我却比较特殊，我只对虫子感兴趣，我是去抓虫子的,18.4万,936,2020-06-24,歪点子实验室,,03:50,https://www.bilibili.com/video/BV1Qz411i7r7
日常,蟑螂走生死迷宫！走错一步悔一生！,今天我们要让蟑螂来走迷宫，这个迷宫是我精心设计的！,43.1万,2153,2020-10-14,歪点子实验室,,04:39,https://www.bilibili.com/video/BV1bv411k7Dt
日常,臭大姐居然把蟑螂兄熏死了？不靠谱的臭虫科普视频！,这只虫子想必大家都见过吧，它是一只臭虫，以“放臭屁”闻名，如果一不小心碰到它，那令人崩溃的臭味可能会伴随你大半天。那你知道它叫什么名字吗？有的地方叫它“臭大姐”，还有的地方叫它“放屁虫”，那么，你们家乡又用什么“雅称”来称呼它呢？,44.7万,4399,2020-04-03,歪点子实验室,,02:29,https://www.bilibili.com/video/BV13z411b7Um
日常,10000条面包虫围攻清道夫！画面太惨烈！,清道夫作为一种外来入侵物种，在中国没有天敌，目前在我国南方的一些地方已经泛滥成灾，严重影响了当地的淡水生态系统。今天我们就用10000条面包虫来惩罚惩罚这条害虫鱼。,105.2万,1604,2020-05-20,歪点子实验室,,02:27,https://www.bilibili.com/video/BV1hQ4y1A71r
日常,蟑螂的力气有多大？被实验结果吓尿了！,蟑螂能拉动自身多少倍的重物？10倍？20倍？50倍？今天的实验开揭晓答案！,27.5万,1685,2020-05-07,歪点子实验室,,04:07,https://www.bilibili.com/video/BV14z411q7Te
日常,差点吓尿了！一口气给蟑螂吃10包跳跳糖会怎么样？,Hello大家好，欢迎来到歪点子实验室。跳跳糖，小时候大家都吃过吧，我小时候就特别喜欢吃跳跳糖，虽然不能说有多好吃吧，但一放进嘴里那种炸裂的感觉，确实挺好玩的。今天我们就给蟑螂兄吃跳跳糖，蟑螂兄瞬间回忆起了童年的味道。,41.6万,1516,2019-12-04,歪点子实验室,,02:37,https://www.bilibili.com/video/BV1jJ411B7ru
日常,鲜活的蟑螂做的棒棒糖，有人敢吃吗？,Hello大家好，欢迎来到歪点子实验室。自从拍视频以来，每天都有很多小伙伴私信我，而其中最多的内容则是：歪叔，歪叔，你什么时候吃蟑螂啊，蟑螂高蛋白，营养丰富，味道鲜美。我信你个鬼，打死我都不吃。歪叔我今天就用蟑螂做一个棒棒糖，你吃吗？,35.4万,4055,2019-11-05,歪点子实验室,,02:33,https://www.bilibili.com/video/BV1pE411B7Sd
日常,蟑螂喜欢喝酒吗？喜欢喝哪种酒？会上头吗？,网上有种传言，说蟑螂非常喜欢喝酒，原因是蟑螂喜欢发酵的食物，还想出了用啤酒灭蟑螂的方法。那么，事实真的是这样吗？今天我就准备了四种酒，分别是95%的酒精，白酒，红酒，啤酒，来看看蟑螂是否喜欢喝酒，最喜欢哪种酒,9.6万,576,2020-06-22,歪点子实验室,,03:29,https://www.bilibili.com/video/BV1ii4y1x7wf
日常,蟑螂被蝎子的毒针蛰一下会怎么样？UP主在实验过程中发生意外！,"歪点子闲聊qq群：706263202
辞职在家一心做视频，只有蟑螂陪伴我。激励计划和淘宝店卖蟑螂药就是全部收入了，求你不要看到广告就取关，希望能够理解和体谅，感激不尽！",126.2万,4203,2019-10-23,歪点子实验室,,02:31,https://www.bilibili.com/video/BV1pE411y7dm
日常,这是一个有味道的视频！屎壳郎VS蟑螂！,这是一个有味道的视频！屎壳郎和蟑螂放在一起会擦出什么火花来？想想都下饭！,35.9万,4169,2020-05-22,歪点子实验室,,02:46,https://www.bilibili.com/video/BV1Kz4y197cC
日常,竟然把同伴咬成了残废！天牛打起架来真厉害！,很多动物都是弱肉强食，有时候甚至连自己的同伴都不放过，其实我们人类也并没有好到哪里去，不久前美国黑人事件和美国制裁华为就是很好的例子，其实我们黄种人在美国的地位还不如黑人，消灭种族歧视的唯一方法就是强大自己。让我们一起努力，复兴中华，让川建...,36.9万,4982,2020-07-13,歪点子实验室,,04:29,https://www.bilibili.com/video/BV1w5411e7MB
日常,真的没有天敌吗？外来入侵鱼类清道夫VS水蛭！,这是一条清道夫，听说它的生命力很强，所以网上有很多类似于把它放冰箱冰冻，或者放在太阳底下暴晒的视频，还有埋在土里的，然而，无一例外都是死。当然，我肯定是不会做这种事情的。,82.4万,2265,2020-05-11,歪点子实验室,,03:34,https://www.bilibili.com/video/BV1hQ4y1A7FE
日常,蟑螂真的连汽车尾气都不怕吗？,今天，我们的蟑螂兄又有新的挑战了，吸汽车尾气。虽然大家都知道尾气并不是什么好东西，但就是有那么一部分人非常喜欢闻尾气的味道，蟑螂兄也有这个怪癖。在实验开始之前，先问大家一个问题，汽车尾气的主要成分都哪些？看谁讲得最全面。好了，屁话不多说，开...,11.0万,496,2019-12-06,歪点子实验室,,02:25,https://www.bilibili.com/video/BV1yJ411i7Wa
日常,蟑螂怎么分公母？最硬核的蟑螂知识科普！,今天这期视频给大家带来一些好玩的关于蟑螂的科普，包括如何区分蟑螂是公的还是母的？以及一些关于蟑螂的硬核知识，最后介绍一些我养的不同品种的蟑螂！,15.2万,1698,2020-04-10,歪点子实验室,,02:56,https://www.bilibili.com/video/BV1PT4y1G7GK
日常,高科技灭蟑螂！用激光武器照射蟑螂会怎么样？,这个激光武器上期已经介绍过了，杀伤力非常强大，那么如果用它来杀灭蟑螂会怎么样呢？令人期待的激光武器灭蟑螂视频终于来了。在开始之前，先给蟑螂做个小小的激光美容手术，激光脱毛，看激光能不能把蟑螂的触须射掉,130.0万,5879,2020-04-08,歪点子实验室,,03:19,https://www.bilibili.com/video/BV1f54y1X7L9
日常,蟑螂算命！自制AI人工智能算命软件给蟑螂算命！,Hello大家好，欢迎来到歪点子实验室。如今AI人工智能可谓是非常火爆，小强四兄弟也想赶赶时髦，所以，我亲自编写了一套AI人工智能系统给小强用。小强四兄弟拿到软件，非常开心，怎么玩比较好呢？要不就用AI来算算命吧，这是个好主意。,10.3万,234,2019-11-07,歪点子实验室,,03:02,https://www.bilibili.com/video/BV1XE411i77z
日常,黑人抬棺？哦不！是蟑螂抬棺！,听说最近黑人抬棺这个视频比较火，蟑螂兄也来蹭热点了！,15.6万,1061,2020-05-01,歪点子实验室,,01:14,https://www.bilibili.com/video/BV1tz411z7dW
日常,你肯定没见过！最漂亮的白色蟑螂！还可以上手玩哦！,大家看到了吗？这只白色的东西是什么？我要是告诉你们这是一只蟑螂，你们会相信吗？其实它就是一只蟑螂。等一下我让它爬到我手上，这样看得比较清楚。,34.5万,3086,2020-02-12,歪点子实验室,,02:30,https://www.bilibili.com/video/BV197411G7vs
日常,燃烧吧小强！用1000根火柴拼成一只小强，点燃的瞬间极度舒适,Hello大家好，欢迎来到歪点子实验室，今天我要用1000根火柴拼成小强的模样，然后点燃它，注意看，后面有亮点，保证让你看了以后极度舒适，废话不多说，让我们开始吧,12.0万,578,2019-05-10,歪点子实验室,,03:13,https://www.bilibili.com/video/BV164411Y7fF
日常,结果让真吃惊！把面包虫和蟑螂放一起自相残杀，谁能存活到最后？,"歪点子闲聊qq群：706263202
微信公帐号：歪点子实验室
淘宝店地址：https://wdzsys.taobao.com
辞职在家一心做视频，只有蟑螂陪伴我，看在天天被蟑螂包围的份上，给我点个赞应该不过分吧。激励计划和淘宝店卖蟑螂药就...",58.2万,3327,2019-10-10,歪点子实验室,,03:46,https://www.bilibili.com/video/BV19E411f78a
日常,绝对高能！两只肥嘟嘟的大虫子！它们居然是吃“土”的！,这是独角仙甲虫的幼虫，学名叫做蛴螬。这堆土也不是普通的土，其实是它们的食物，是用木屑经过发酵制成的，野外的独角仙幼虫通常生活在树洞里，靠啃食腐烂的木头为生，它们能把树木咬得稀巴烂，是主要的林业害虫之一,14.0万,1325,2020-04-27,歪点子实验室,,02:40,https://www.bilibili.com/video/BV17C4y1W7qE
日常,200只螳螂聚集在一起！我的小螳螂孵化了！,我的小螳螂终于孵化了，太开心了！,22.4万,575,2020-05-18,歪点子实验室,,02:50,https://www.bilibili.com/video/BV1Tg4y1B7LU
日常,温水煮蟑螂，蟑螂究竟能抗住多高的温度？,Hello大家好，欢迎来到歪点子实验室。在大家的印象当中，蟑螂是个神奇的虫子，适应性异常强大，今天我们就用这个装置来做个温水煮蟑螂，来看看蟑螂到底能抗住多高的温度。,18.6万,524,2019-11-25,歪点子实验室,,03:01,https://www.bilibili.com/video/BV1EJ411R7PX
日常,独角仙蜕变成功！变得超级帅气威猛！,,25.5万,1398,2020-06-17,歪点子实验室,,05:05,https://www.bilibili.com/video/BV1NV411k7e9
日常,小强版正能量语录“奥利给”,"歪点子闲聊qq群：706263202
辞职在家一心做视频，只有蟑螂陪伴我。激励计划和淘宝店卖蟑螂药就是全部收入了，求你不要看到广告就取关，希望能够理解和体谅，感激不尽！",10.8万,94,2019-10-30,歪点子实验室,,00:18,https://www.bilibili.com/video/BV11E411h7ZX
日常,最强磁铁压扁小强！超级下饭的蟑螂肉饼！,这是一个号称磁力最强的钕磁铁。卖家说能吸120公斤的铁块。我将把小强粘在杠铃片上，然后把磁铁吸上去，我想一定非常下饭！你们觉得呢？,41.5万,3320,2020-03-30,歪点子实验室,,03:04,https://www.bilibili.com/video/BV1s741197o1
日常,用蟑螂还原各个网速的真实写照！1G，2G，3G，4G，5G,,11.6万,413,2020-06-29,歪点子实验室,,01:40,https://www.bilibili.com/video/BV1La4y1e73E
日常,用“显微镜”把“蜻蜓”放大100倍，密集恐惧症慎入！,昨天晚上家里飞进来一只蜻蜓，今天一早正准备把它放走，结果...它已经死了。所以，我没有伤害蜻蜓哦。既然死了，那就不能浪费了，赶快拿到显微镜下面来看看吧。,16.3万,808,2020-02-07,歪点子实验室,,02:17,https://www.bilibili.com/video/BV1S7411b7j7
日常,蝎子PK蜈蚣，猜猜谁会赢得这场战斗？,"歪点子闲聊qq群：706263202
微信公帐号：歪点子实验室
淘宝店地址：https://wdzsys.taobao.com
辞职在家一心做视频，只有蟑螂陪伴我，看在天天被蟑螂包围的份上，给我点个赞应该不过分吧。激励计划和淘宝店卖蟑螂药就...",127.2万,4613,2019-09-16,歪点子实验室,,03:21,https://www.bilibili.com/video/BV1kJ411c7JX
日常,“蟑蛋”是个什么鬼？史上最黑暗的黑暗料理！,今天我要做的，是比上面这些更加黑暗的黑暗料理，我称它为“蟑蛋”，原料有蟑螂，这还不算什么，甚至还有蟑螂屎。,12.9万,958,2020-01-08,歪点子实验室,,02:39,https://www.bilibili.com/video/BV1GJ411G7Az
日常,20万伏特能电死“小强”吗？用打火机的点火器电“蟑螂”！,大家一定玩过打火机里的点火器吧，这东西能产生20万伏特的电压，足足两个并联的皮卡丘。不过电流很小，持续时间也很短，所以不会对人体造成危害，不过被电到一下还是挺疼的，那如果用这东西去电小强会怎么样呢？,22.5万,1547,2019-06-25,歪点子实验室,,03:28,https://www.bilibili.com/video/BV1Nx411Z7Ap
日常,蚂蚁打架？不同种类的蚂蚁放一起会打起来吗？,小时候，我们经常会被童话故事灌输一些蚂蚁的知识，所以很多人都会认为蚂蚁比较温顺，可爱，勤劳，勇敢，其实，蚂蚁才是昆虫界最强的杀戮机器。,13.7万,529,2020-07-10,歪点子实验室,,03:53,https://www.bilibili.com/video/BV14a4y1a737
日常,可怕的寄生虫！把我的螳螂卵吃空了！,螳小蜂是一种寄生蜂，幼虫专门寄生在螳螂卵鞘里吃螳螂的卵！,75.0万,2108,2020-05-09,歪点子实验室,,02:21,https://www.bilibili.com/video/BV1CK4y1b7fC
日常,蟑螂有毒吗？蟑螂会咬人吗？被蟑螂咬是什么感觉？,今天给大家做个科普，聊聊关于蟑螂的一些事。说到蟑螂，想必大家想到的肯定是蟑螂身上携带了很多细菌和病毒，特别特别的脏，甚至有些人会说蟑螂有毒，被蟑螂咬一口就会感染很多疾病，想想都恐怖。那事实真的是这样的吗？,16.0万,717,2020-02-03,歪点子实验室,,03:04,https://www.bilibili.com/video/BV1Y7411s7Ka
日常,可怕的蟑螂药连锁反应，杀一只灭一窝！,在之前的实验里，我们证实了蟑螂确实存在吃同类的现象，那么，如果一只蟑螂吃了蟑螂药以后，回自己的窝里最后死了，它的尸体被其它蟑螂吃了，会不会发生连锁反应，把一窝的蟑螂都毒死呢？,18.5万,645,2019-12-27,歪点子实验室,,02:56,https://www.bilibili.com/video/BV1UJ411Y7Vg
日常,手抓屎壳郎？歪叔要用手抓屎壳郎了！屎壳郎VS蟑螂后续！,上次我好像还给自己挖了一个坑，点赞超过两万，手抓屎壳郎，左手屎壳郎，右手粪球！,10.8万,487,2020-05-27,歪点子实验室,,02:25,https://www.bilibili.com/video/BV1UK4y1t721
日常,蜈蚣的毒牙到底有多厉害？咬一只蟑螂试试就知道了！,这是我昨天去山上抓到的5条大蜈蚣，花了整整一天时间，翻了大概1千块大石头，有点小累。接下来这5条蜈蚣将会成为我视频的牺牲品，我怎么感觉我有点邪恶呢。首先今天我们要做的是试一下蜈蚣的毒牙到底有多厉害，大家不用替我担心我，我是请了替身的。下面实...,12.0万,586,2019-09-10,歪点子实验室,,03:52,https://www.bilibili.com/video/BV1UJ411N7Mo
日常,蟑螂怕不怕樟脑丸？蟑螂挑战樟脑丸测试！,Hello大家好，欢迎来到歪点子实验室，今天我们的蟑螂兄又有新的挑战了，樟脑丸。为了让实验更好玩一些，将分成两组对比实验，第一组直接把蟑螂扔进樟脑丸中，第二组把樟脑丸碾成粉末，加入祖传的过期蜂蜜，做成樟脑糖浆，给蟑螂兄吃。看看哪组蟑螂先倒下...,18.8万,345,2019-12-16,歪点子实验室,,02:01,https://www.bilibili.com/video/BV1tJ41167qH
日常,纸片能把蟑螂切成两半吗？14500转的纸片威力有多大？,"歪点子闲聊qq群：706263202
微信公帐号/微博：歪点子实验室
淘宝店：https://wdzsys.taobao.com
辞职在家一心做视频，只有蟑螂陪伴我，看在天天被蟑螂包围的份上，给我点个赞应该不过分吧。激励计划和淘宝店卖蟑螂药...",11.2万,678,2019-10-12,歪点子实验室,,04:26,https://www.bilibili.com/video/BV1tE411Z7sC
日常,“烟雾弹”能不能把蟑螂熏死？灭蟑螂新方法？你敢在家试吗？,最近接到一个恰饭视频，测试一款烟熏灭蟑螂的产品，在谈到酬劳的时候，老板的开价让我非常气愤，30块钱。我的天哪，我只值30块钱吗？我这么知名的一个蟑螂圈UP主，大家觉得我值多少钱？,8.4万,444,2020-10-12,歪点子实验室,,04:22,https://www.bilibili.com/video/BV1Ui4y1j74b
日常,用1000度的铁球烤蟑螂！真香！高温消毒放心吃！重口味慎入！,最近很多小伙伴私信我，说想看看用1000度的铁球烤蟑螂，没问题，那么接下来，让我们开始吧。,4.4万,454,2019-04-25,歪点子实验室,,04:03,https://www.bilibili.com/video/BV12441187gs
日常,给“蟑螂”喝点“醋”会怎么样？小强真的会“吃醋”吗？,这是一瓶醋，哦不，准确的说应该是一瓶醋精，因为它的醋酸含量已经超过了30%，等一下我要给小强喝一点醋，不知道小强吃醋后的表现会什么样？,9.5万,681,2020-01-26,歪点子实验室,,03:21,https://www.bilibili.com/video/BV1q7411k74z
日常,手上爬满蟑螂是什么感觉？这是世界上唯一会叫的蟑螂！,你见过比南方蟑螂还要大的蟑螂吗？今天我们就来介绍一种蟑螂，它们的老家在比中国南方还要南方的非洲马达加斯加，体型比南方蟑螂还要大上一圈，它就是马达加斯加发声蟑螂，简称马岛蟑螂。,13.6万,1599,2020-06-01,歪点子实验室,,03:34,https://www.bilibili.com/video/BV1YK411p7Nu
日常,把“酒精”注射进蟑螂体内，猜猜小强能坚持多久？,今天我们来玩一点刺激的，把95度高浓度酒精注射到小强身体里，看小强会有什么反应，是毫无感觉呢？还是一击毙命呢？跟我一起去寻找答案吧。,32.9万,2875,2019-06-17,歪点子实验室,,03:45,https://www.bilibili.com/video/BV1A4411G71V
日常,被100只蚊子围攻是什么感觉？为了测试驱蚊液效果拼了！,蟑螂，老鼠固然讨厌，但并不是每家都有，只要家里保持干净，蟑螂，老鼠一般都会躲得远远的。但蚊子却是几乎每家每户都有，家里再怎么干净，门窗关得再怎么严实，都避免不了蚊子的骚扰。那么怎么驱蚊呢？,17.4万,1312,2020-07-17,歪点子实验室,,06:41,https://www.bilibili.com/video/BV1Ya4y1a7zM
日常,如何做到瞬间秒杀蟑螂、蜈蚣、蚂蚁等家栖害虫？,"如果你在家里看到一只蟑螂，你想要瞬间弄死蟑螂，你该怎么做呢？
如果你不怕蟑螂，而且手速跟我一样快，你可以瞬间抓住它，然后把它捏死......",53.9万,689,2020-11-10,歪点子实验室,,04:11,https://www.bilibili.com/video/BV1gK4y1E7rt
日常,蟑螂女装！全球第一只穿比基尼的蟑螂！,Hello大家好，欢迎来到歪点子实验室。大家期待已久的蟑螂穿女装终于来了。作为一个直男，我也不知道怎么穿女装比较讲究，所以，俗就俗一点吧，就穿个直男们最喜欢的比基尼吧，各位绅士们，你们准备好了吗？,16.2万,805,2019-11-29,歪点子实验室,,02:18,https://www.bilibili.com/video/BV1KJ411Q7tv
日常,【沙雕行为】我被蟑螂围攻咬手！好刺激！,歪叔养这么多蟑螂是不是很沙雕？今天我要做一件更沙雕的事情，把手放进蟑螂群里让蟑螂啃咬，一定会非常刺激。不要忘了点个赞哦！,10.7万,737,2020-09-17,歪点子实验室,,03:30,https://www.bilibili.com/video/BV14f4y1X7PX
日常,都说蟑螂生命力强，那小强能承受30万伏特电压吗？,,14.6万,533,2019-10-16,歪点子实验室,,02:51,https://www.bilibili.com/video/BV1zE411C74g
日常,颠覆三观！蟑螂反杀螳螂！这个你们肯定没见过！,Hello大家好，欢迎来到歪点子实验室。之前有很多小伙伴私信我，说想看看螳螂捕杀蟑螂。今天正好抓住一只螳螂，可以满足大家了。不过呢，这只螳螂看上去并不是很凶猛，可能是最近天气比较冷了。不管这么多了，先试试看吧，看它还能不能捕杀蟑螂，或者，反...,54.7万,1356,2019-11-18,歪点子实验室,,02:17,https://www.bilibili.com/video/BV13J411m7fh
日常,水蛭变干蛭，用暴力吹风机能把水蛭吹干吗？,初中物理就学过，周围空气流动的速度越快，液体越容易蒸发。听卖家吹牛说，这个吹风机吹出的风速和12级台风差不多。所以，如果用这个暴力吹风机来吹水蛭，能不能把它身体里的水分吹干，变成干蛭呢？那就试试看吧。,52.1万,2020,2020-01-31,歪点子实验室,,02:19,https://www.bilibili.com/video/BV1D7411B74p
日常,网传灭蟑螂方法靠谱吗？洗衣粉真的能灭蟑螂吗？,经常在网上能看到各种形形色色的除蟑螂妙招，什么洗衣粉拌饭啊，小苏打加糖啊，还有的用上了生石灰，今天我们就来做个实验，分别把蟑螂丢进放有洗衣粉，小苏打，生石灰的瓶子里，24小时以后看看蟑螂还能不能存活下来？,25.9万,1426,2020-01-10,歪点子实验室,,03:19,https://www.bilibili.com/video/BV1qJ411H7zV
日常,【恶搞】蟑螂火锅你敢吃吗？歪叔做了一顿虫子火锅！,今天我们来吃火锅。当然，我们的食材肯定是很丰富的，有蟑螂，水蛭，面包虫，绝对的高蛋白。我觉得把这个视频转发到吃播那里，一定会很好玩的样子。好了，屁话不多说，一起来享受今天的美食吧。,19.9万,5398,2020-07-08,歪点子实验室,,03:13,https://www.bilibili.com/video/BV1Jz4y1D7eD
日常,真的是铁线虫吗？给水蛭施加30万伏特电压！铁线虫破肚而出？,"歪点子闲聊qq群：706263202
辞职在家一心做视频，只有蟑螂陪伴我。激励计划和淘宝店卖蟑螂药就是全部收入了，求你不要看到广告就取关，希望能够理解和体谅，感激不尽！",225.1万,5445,2019-10-25,歪点子实验室,,03:08,https://www.bilibili.com/video/BV1EE41117tG
日常,蝗虫放大100倍，希望蝗灾不要来中国！,"最近，世界上很多地区开始闹蝗灾了。从非洲到中东，所到之处寸草不生，现在已经到达南亚的印度和巴基斯坦了，和我们中国只隔了一座喜马拉雅山，希望它们不要翻山过来。
今天，我在家里的阳台上抓到了一只蝗虫，已经被冻僵了，下面就让我们把这只蝗虫放到显微...",17.9万,1407,2020-02-19,歪点子实验室,,02:30,https://www.bilibili.com/video/BV1n7411j7qB
日常,给大家看看我养了多少蟑螂！实验用！,"歪点子闲聊qq群：706263202
微信公帐号：歪点子实验室
淘宝店地址：https://wdzsys.taobao.com
辞职在家一心做视频，只有蟑螂陪伴我，看在天天被蟑螂包围的份上，给我点个赞应该不过分吧。激励计划和淘宝店卖蟑螂药就...",10.2万,749,2019-10-04,歪点子实验室,,04:55,https://www.bilibili.com/video/BV12E411S7hY
日常,超高速旋转的蟑螂！被这强大的离心力震惊到了！,"歪点子闲聊qq群：706263202
辞职在家一心做视频，只有蟑螂陪伴我。激励计划和淘宝店卖蟑螂药就是全部收入了，求你不要看到广告就取关，希望能够理解和体谅，感激不尽！",145.7万,7033,2019-10-18,歪点子实验室,,02:31,https://www.bilibili.com/video/BV1mE411r7Fd
日常,肥嘟嘟的大虫子化蛹了！独角仙化蛹！,大家还记得这两只肥嘟嘟的大虫子吗？它们是独角仙的幼虫，今天我发现它们已经化蛹了。,30.7万,834,2020-05-29,歪点子实验室,,02:56,https://www.bilibili.com/video/BV1Ez4y197Ri
日常,把蜈蚣丢进10000条饥饿的面包虫里会怎么样？,刚刚走在路上，突然天上掉下来一条蜈蚣。正好，我养的面包虫好久没开荤了，那么，接下来就让我们来欣赏一段美妙的画面，这条蜈蚣是如何被10000条面包虫一口一口慢慢吃掉的。,37.4万,2016,2020-04-20,歪点子实验室,,03:29,https://www.bilibili.com/video/BV1GV411Z7AG
日常,真的能脱腿毛吗？给蟑螂用劣质脱毛膏！,蟑螂妹是只爱美的蟑螂，但最近她很是不开心，就因为自己长了六条大毛腿，都不好意思穿超短裙出去了。因此，我在网上花了4块9，买来了一瓶脱毛膏，来解决蟑螂妹的困扰。那么，这瓶脱毛膏能不能把蟑螂妹的六条大毛腿变得细腻光滑呢？接下来就让我们一起来见证...,12.6万,602,2019-12-25,歪点子实验室,,02:38,https://www.bilibili.com/video/BV1aJ411W7Ss
日常,给蟑螂吃泡面调味包会怎么样？万万没想到如此重口味！,Hello大家好，欢迎来到歪点子实验室。不知道各位小朋友喜不喜欢吃泡面，我是非常喜欢吃，今天准备给蟑螂兄吃方便面的调味包，不知道蟑螂兄喜不喜欢？,38.2万,2701,2020-03-19,歪点子实验室,,02:48,https://www.bilibili.com/video/BV1B7411d7iT
日常,血赚还是血亏？暴力取珍珠！能值多少钱？,,63.9万,1000,2020-12-29,歪点子实验室,,05:06,https://www.bilibili.com/video/BV1Ef4y1C7uv
日常,南方大蟑螂PK北方小蟑螂！谁能活到最后！,如果把北方小蟑螂和南方大蟑螂关在一起会怎么样呢？是和睦相处呢？还是南方大蟑螂凭借体型优势把北方小蟑螂吃掉呢？又或者是北方小蟑螂凭借更强的适应力和耐力活到最后呢？,18.9万,2156,2020-04-22,歪点子实验室,,03:34,https://www.bilibili.com/video/BV1Gf4y1S77j
日常,【少儿不宜】开车了开车了！我养的蜘蛛做了羞羞的事情！,我养的两只捕鸟蛛竟然做了那种事情，就是那种羞羞的事情！,26.7万,1957,2020-05-13,歪点子实验室,,03:23,https://www.bilibili.com/video/BV1dg4y1q7Pu
日常,把“苍蝇”丢进“真空箱”里会怎么样？,前不久，我在网上看到过一篇文章，说是把苍蝇放进真空中，苍蝇会瞬间爆炸，而在文章的下方，又推荐了一篇文章，说苍蝇生命力超强，能在真空中存活。这两篇互相矛盾的文章可把我搞懵了，那实际情况到底会是怎么样呢？今天，我抓了几只苍蝇，准备用实验来证明一...,26.4万,1183,2020-02-21,歪点子实验室,,02:48,https://www.bilibili.com/video/BV117411w78N
日常,把蟑螂扔进一堆面包虫当中，到底是谁吃了谁？重口味慎入！,听说面包虫很厉害，不管什么小动物放进去，第二天肯定连尸骨都找不到，那作为一个爱蟑螂人事的我，今天我们就拿蟑螂试试吧,5.3万,479,2019-04-27,歪点子实验室,,04:11,https://www.bilibili.com/video/BV1E4411b7ck
日常,头孢配酒会致命？喂给蟑螂吃会怎么样？,Hello大家好，欢迎来到歪点子实验室。头孢和酒不能一起吃，这年头还有人不知道吗？那么为什么头孢和酒不能一起吃呢？简单讲就是头孢能阻止人体代谢酒精，让酒精堆积在人体内出不去，从而导致酒精中毒，甚至出现生命危险。当然，具体情况肯定要复杂的多，...,31.4万,1840,2019-11-08,歪点子实验室,,02:11,https://www.bilibili.com/video/BV1WE411q7vT
日常,把“水蛭”丢进“浓硫酸”里会怎么样？被这个结果震惊到了！,今天我们要做的实验是水蛭挑战浓硫酸，那浓硫酸哪里来呢？买是肯定买不到的，那就得自己做了，不过不可能做成98%的浓硫酸，只能到80%左右，有点遗憾，但也算是浓硫酸了，也够用了。,115.2万,5667,2019-07-12,歪点子实验室,,03:04,https://www.bilibili.com/video/BV1Pt411L7Jp
日常,蟑螂VS蜘蛛，蜘蛛的毒液居然把小强化成了渣渣！,这是一只海南捕鸟蛛，这种蜘蛛不但体型大，攻击性强，而且毒性也很强，虽然不至于致命，但被咬到一下也会让你痛苦好几天。所以，上手把玩是不可能的了。等一下让我们的老朋友小强与这只大蜘蛛会一会，看看能不能擦出什么火花来。,20.9万,979,2019-08-19,歪点子实验室,,03:49,https://www.bilibili.com/video/BV1o4411o7zg
日常,蟑螂vs硫酸！让小强感受一下硫酸的威力！,最近我养的小强怀孕了，所谓酸儿辣女，想让小强多生儿子，就得给它们多喝点酸的东西，什么东西最酸呢？我想应该是硫酸吧，等等，有人说硫酸是苦的，你喝过？不管啦，我就认为硫酸是酸的。,13.1万,765,2019-05-12,歪点子实验室,,02:52,https://www.bilibili.com/video/BV1u4411a7EX
日常,蟑螂有痛觉吗？如何证明蟑螂没有痛觉？,曾经有个资深昆虫学家朋友告诉我，蟑螂没有痛觉，我问他是怎么知道的，他说他掐了一下蟑螂，蟑螂没喊痛......,10.0万,770,2020-07-24,歪点子实验室,,04:04,https://www.bilibili.com/video/BV1hA411v7Rq
日常,给“蟑螂”吃“泡腾片”会怎么样？片尾有我的新发明！,"歪点子闲聊qq群：706263202
微信公帐号：歪点子实验室
淘宝店地址：https://wdzsys.taobao.com
辞职在家一心做视频，只有蟑螂陪伴我，看在天天被蟑螂包围的份上，给我点个赞应该不过分吧。激励计划和淘宝店卖蟑螂药就...",9.6万,537,2019-09-20,歪点子实验室,,02:48,https://www.bilibili.com/video/BV1mJ411376g
日常,水蛭会把鼻涕虫吸干吗？结局出乎你的意料！,如果把这两种恶心的虫子放在一起，水蛭会把鼻涕虫吸干吗？还是会和睦相处呢？带着这个疑问，让我们一起来看看最终的结果是不是跟你想象的一样呢？,32.1万,1024,2020-03-28,歪点子实验室,,02:26,https://www.bilibili.com/video/BV1N7411y7J5
日常,我 的 蟑 螂 全 死 了 ！,"由于新冠肺炎疫情，歪叔今天才正式“上班”。大半个月没见到我的蟑螂兄了，想死我了。
本来高高兴兴的事情，可万万没想到，悲剧发生了，我的蟑螂全死光了，一只都不剩。",32.1万,1641,2020-02-17,歪点子实验室,,02:09,https://www.bilibili.com/video/BV137411J7PQ
日常,真的会被吸干吗？水蛭和蟑螂放一起会怎么样？,"水蛭，小名叫小八，水生环节动物，全身柔软有弹性，能大能小 ，能长能短，嗜好：吸血。
蟑螂，小名叫小强，节肢动物昆虫，传说中能抵御核辐射的二次元扁平化生物，嗜好：吃垃圾，黑暗史：吃同类。
那么问题来了，如果把这两种臭名昭著的害虫放一起，会擦除...",17.0万,602,2020-08-14,歪点子实验室,,03:14,https://www.bilibili.com/video/BV1oD4y1U7Jy
日常,超级威猛的小蚂蚁！体型不大，数量来凑！,今天我们介绍的是伊大头蚁，这也是国内最常见的蚂蚁之一，虽然体型很小，实际上战斗起来比日本弓背蚁威猛多了,12.6万,589,2020-06-15,歪点子实验室,,03:22,https://www.bilibili.com/video/BV1wD4y1Q7WF
日常,水蛭竟然把它吸干了！给水蛭喂食！,说到水蛭，大家第一个想到的肯定是吸血。但是仔细想想好像不太对劲，水蛭一般都生活在水里，鱼又这么灵活，逮不到，哪来这么多血可吸。那么野生水蛭到底是吃什么的呢？,32.8万,1352,2020-07-01,歪点子实验室,,03:46,https://www.bilibili.com/video/BV1F54y1z7Um
日常,真的拉稀了吗？给蟑螂吃泻药会怎么样？,真的拉稀了吗？给蟑螂吃泻药会怎么样？,49.0万,2804,2020-01-03,歪点子实验室,,03:03,https://www.bilibili.com/video/BV1BJ411j7Zm
日常,封号警告！冒着风险给小强颁发B站奖牌！,Hello大家好，欢迎来到歪点子实验室。今天做一期开箱视频，B站10万粉奖牌开箱。当然，这个成就并不属于我一个人，另一半当属我们的功臣，蟑螂兄。所以，今天我要把这个奖牌赠送给蟑螂兄。你们说把B站的奖牌颁发给蟑螂兄，会封我号吗？希望B站手下留...,13.9万,277,2019-12-02,歪点子实验室,,01:35,https://www.bilibili.com/video/BV1zJ411z7yQ
日常,面包虫和蟑螂关在一起自相残杀，谁能活到最后？大结局,Hello大家好，欢迎来到歪点子实验室。大概在一个月前，我做了一期面包虫和蟑螂自相残杀的视频，相同重量的面包虫和蟑螂放一起，不给吃喝，谁能活到最后，没有看过的小伙伴可以翻到一个月之前查看视频，整个实验大概经历了45天，最后只有三只杜比亚蟑螂...,32.3万,882,2019-11-13,歪点子实验室,,02:29,https://www.bilibili.com/video/BV1iJ411S7Vc
日常,蟑螂和蚊子放一起，蟑螂会吃蚊子吗？蚊子会叮蟑螂吗？,之前的视频里我们体验过了被100只蚊子围攻的感觉，很多粉丝朋友都私信我，问我这些蚊子会怎么处理？作为最讨厌的家居害虫之一，我们的伟大的精神领袖窃格瓦拉曾经说过：放生是肯定不可能放生的，这辈子都不可能放生的。就是这样子啦。,23.2万,794,2020-07-29,歪点子实验室,,03:58,https://www.bilibili.com/video/BV16Z4y1T785
日常,“烤面筋”能抵御住1000度高温？蟑螂的耐高温测试！,Hello大家好，欢迎来到歪点子实验室。最近网上流传着这样一种耐火材料配方，把玉米淀粉，小苏打，白胶，三者混合在一起，据说可以抵御1000度高温，今天我请来了蟑螂兄做替身，看这种自制的耐火材料能不能防御住喷火枪的攻击，保护好蟑螂兄。,142.2万,5053,2019-11-20,歪点子实验室,,02:57,https://www.bilibili.com/video/BV1yJ41117NY
日常,蟑螂居然连这都不怕？给蟑螂吸打火机里的气体会怎么样？,Hello大家好，欢迎来到营销号歪点子蟑螂实验室，我是外国小哥。都说蟑螂百毒不侵，生命力爆棚，今天我们来试试给蟑螂吸打火机里的气体会怎么样。打火机里的气体主要成分是丁烷，丁烷分子式是C4H10，无毒，但具有麻醉作用。呃...扯远了，咱们节目...,19.0万,821,2020-03-05,歪点子实验室,,02:59,https://www.bilibili.com/video/BV1WE411W7c3
日常,给水蛭喝点开塞露会怎么样？我要给水蛭治疗便秘！,最近气温突变，咱们的老朋友水蛭兄不幸得了便秘，好几天都拉不出粑粑来，这可把我急坏了，赶紧拿出珍藏多年的开塞露，不知道这东西能不能解决水蛭兄的难言之隐。,22.4万,706,2019-09-03,歪点子实验室,,02:15,https://www.bilibili.com/video/BV1N441127p4
日常,把“面包虫”丢进“浓硫酸”里会怎么样？除了震惊还有感叹！,面包虫的皮肤里含有一种叫几丁质的物质，非常坚韧，简单说就是面包虫脸皮特别厚，那硫酸能不能融化面包虫呢？大家猜猜看。,17.4万,1820,2019-07-16,歪点子实验室,,02:22,https://www.bilibili.com/video/BV1qt411G7Bj
日常,用显微镜把蚂蚁放大100倍，原来蚂蚁长这样！,蚂蚁，对大家来说是一种非常常见的小昆虫。那么各位同学，你们有没有仔细观察过蚂蚁到底长什么样呢？今天我们就把蚂蚁放大100倍，来仔细观察观察蚂蚁，是否长得跟你们想象中的一样呢。,27.9万,1910,2020-04-15,歪点子实验室,,03:00,https://www.bilibili.com/video/BV1Q54y1976h
日常,又湿又热！把蟑螂放入加湿器中会怎么样？,蟑螂兄最喜欢又湿又热的环境，但现在冬天到了，有冷又干，这可把蟑螂兄愁坏了，加热问题不大，咱们有电磁感应加热线圈，哦不对，有空调，那怎么加湿度呢？这次我花巨资9块9从网上买了一个加湿器，给蟑螂兄加加湿度,12.4万,480,2020-01-06,歪点子实验室,,02:39,https://www.bilibili.com/video/BV1tJ411V7bH
日常,用“意念”控制蟑螂！蟑螂为什么这么听话？,,15.1万,434,2020-04-13,歪点子实验室,,02:01,https://www.bilibili.com/video/BV12z411b7Ff
日常,淬火蟑螂！高频电磁感应线圈能加热蟑螂吗？,淬火蟑螂！高频电磁感应线圈能加热蟑螂吗？,50.4万,2562,2019-12-30,歪点子实验室,,03:34,https://www.bilibili.com/video/BV1DJ411877h
日常,蟑螂vs502胶水，给蟑螂喝点502胶水会怎么样？,"这是一瓶502胶水，没错，你们猜对了，是给小强喝的，不知道会发生什么情况，我想应该会很好玩吧，那么废话不多说，让我们开始吧！
想要本视频BGM的可以关注微信公众号“歪点子实验室”，回复BGM下载",2.9万,117,2019-05-15,歪点子实验室,,02:40,https://www.bilibili.com/video/BV154411J72x
日常,八脚朝天！这是在干嘛？奇怪的蜘蛛蜕皮全过程！,你见过躺着蜕皮的虫子吗？捕鸟蛛的蜕皮比较有意思，它们会先在地上织一层网，然后蜘蛛会躺下来，八条腿朝天，开始蜕皮。,17.3万,393,2020-05-25,歪点子实验室,,02:38,https://www.bilibili.com/video/BV1gK411s7dM
日常,给“蟑螂”吃点“芥末”会怎么样？万万没想到是这个结果！,之前的视频中我们欣赏了面包虫吃芥末，很多网友都说想看看别的虫子吃芥末后会怎么样，很快，这次轮到了小强，看看小强喜不喜欢吃芥末，吃了芥末以后会怎么样？跟你想象的结果有没有差距呢？跟随我一起去一探究竟吧。,28.6万,1509,2019-07-15,歪点子实验室,,03:55,https://www.bilibili.com/video/BV1Rt41137Ta
日常,蟑螂大战非牛顿流体！,都说非牛顿流体很牛逼，你暴力对待它，它能刀枪不入，你温柔对待它，它又软了。真的有这么神奇吗？我也觉很有好奇，所以今天找来蟑螂兄，一起来试试非牛顿流体到底有多牛逼。,24.6万,834,2020-02-28,歪点子实验室,,03:15,https://www.bilibili.com/video/BV1UE411n7bj
日常,给蟑螂加92#汽油会怎么样？听说汽油是它们祖先变的！,"歪点子闲聊qq群：706263202
微信公帐号：歪点子实验室
淘宝店地址：https://wdzsys.taobao.com
辞职在家一心做视频，只有蟑螂陪伴我，看在天天被蟑螂包围的份上，给我点个赞应该不过分吧。激励计划和淘宝店卖蟑螂药就...",8.8万,529,2019-09-30,歪点子实验室,,03:20,https://www.bilibili.com/video/BV1eE411X7kX
日常,用开塞露给蟑螂治疗便秘，强悍的小强能完美免疫吗？,现在我左手拿着一只小强，右手拿着的是一瓶开塞露，知道我要做什么了吧！在之前的视频中很多小伙伴说不知道开塞露是什么东西，现在我就来普及一下，开塞露的主要成分是甘油或山梨醇，作用就是当你便秘拉不出粑粑的时候，往屁屁里挤一瓶进去，它会刺激你的屁屁...,8.6万,426,2019-09-06,歪点子实验室,,03:13,https://www.bilibili.com/video/BV124411y7u9
日常,给“蟑螂”涂一点“花露水”会怎么样？你身上有它的香水味！,很快，这个神器不知道什么时候被小强发现了，它死皮赖脸要我给它也试试，我想来想去，不对啊，你只死臭虫，连根血管都没有的，怕毛蚊子啊，不过想想，都跟了我这么长时间了，也算是老朋友了，给就给吧，也不能抠门到为了一怕瓶花露水而斤斤计较吧。,7.3万,754,2019-07-22,歪点子实验室,,03:14,https://www.bilibili.com/video/BV16t411J7vj
日常,点燃1000根火柴，用来烤鸡蛋一定很爽！能把鸡蛋烤熟吗？,点燃1000根火柴，用来烤鸡蛋一定很爽！能把鸡蛋烤熟吗？,6.0万,205,2019-09-02,歪点子实验室,,02:56,https://www.bilibili.com/video/BV1J441117xF
日常,长了1000条腿的虫子？它的脚比蜈蚣还多！,诶，该死的，老毛病又犯了，看到这些奇怪的东东，我就忍不住想抓几条带回去玩玩，你们说我是不是没救了,14.9万,756,2020-06-05,歪点子实验室,,02:35,https://www.bilibili.com/video/BV1E5411W7YU
日常,冰桶挑战！蟑螂、水蛭、小龙虾会被冻死吗？,说到天气冷，那么我们这期就来做个水蛭和小龙虾的冰桶挑战吧，再加个蟑螂怎么样，看看水蛭和小龙虾以及蟑螂谁最抗冻。,33.5万,955,2020-01-20,歪点子实验室,,03:06,https://www.bilibili.com/video/BV1q7411v7mo
日常,把蟑螂关进用火柴做成的囚笼里，然后把火柴点燃！,,63.3万,3703,2020-03-07,歪点子实验室,,03:02,https://www.bilibili.com/video/BV15E411p7V2
日常,把“尿液”放大800倍，原来尿骚味看起来是这样的！,把“尿液”放大400倍，原来尿骚味也能看得到！,11.9万,1548,2020-01-29,歪点子实验室,,03:04,https://www.bilibili.com/video/BV1i7411z75F
日常,蟑螂烤串！哪个美食主播敢吃？,如何用蟑螂做烤串？舌尖上的小强！隔壁小孩都馋哭了！,17.2万,832,2019-11-27,歪点子实验室,,02:56,https://www.bilibili.com/video/BV1XJ411X7No
日常,在家里抓到一只南方大蟑螂！直接把它做成水晶标本！,昨天晚上睡觉的时候，一只蟑螂飞到了我的脸上，破坏了我的美梦，为解心头只恨，我决定把它做成一具标本，放到我的WXGZH里抽奖送给大家！,18.5万,727,2020-09-21,歪点子实验室,,03:55,https://www.bilibili.com/video/BV1aZ4y1N7Tb
日常,超级光头强？把蟑螂的脚全部剪掉，还能活多久？,最近很多小朋友都私信我，说想看看把蟑螂的脚都剪掉了，还能活多久？没问题，今天就来满足大家邪恶的好奇心。等一下我会把小强的脚和触须都剪掉，做成“光头强”，每天喂它们吃东西。“光头强”能活多久？,40.9万,3175,2020-03-26,歪点子实验室,,03:15,https://www.bilibili.com/video/BV1y741127y3
日常,真假蜈蚣大作战！把5只蟑螂串成蜈蚣形状，能打得过真蜈蚣吗？,Hello大家好，欢迎来到歪点子实验室。今天我们要做个有趣的实验，把5只蟑螂用胶带纸粘成一串，做成一条由蟑螂组成的“蜈蚣”，然后把这条假蜈蚣与真蜈蚣放一起，会发生什么好玩的事情？大家猜猜，最终它们会是互相认识从而和睦相处呢？还是兄弟反目成仇...,36.0万,818,2019-11-11,歪点子实验室,,02:55,https://www.bilibili.com/video/BV1FE411e72Q
日常,真的能冰冻住蟑螂吗？给蟑螂喷快速降温剂！,Hello大家好，欢迎来到歪点子实验室。俗话说的好，冬练三九，夏练三伏，现在天气越来越冷了，蟑螂兄也开始了冬练，今天蟑螂兄训练的项目是抗冻。这是一瓶快速降温剂，据说能把物体迅速冻住。那么，蟑螂兄能扛住这快速瓶降温剂的攻击吗？,69.8万,1962,2019-12-21,歪点子实验室,,02:17,https://www.bilibili.com/video/BV1oJ411x7hT
日常,把“小强”扔到“火药”里，然后点燃会怎么样？,把“小强”扔到“火药”里，然后点燃会怎么样？,8.8万,493,2019-07-30,歪点子实验室,,02:46,https://www.bilibili.com/video/BV17t411c7V4
日常,给蟑螂穿上水陆两栖鞋，小强能在水上行走自如吗？,Hello大家好，欢迎来到歪点子实验室。蟑螂兄最近迷上了游泳，可它是个旱鸭子啊，不会游泳，到水里没几分钟就死翘翘了，怎么办呢？我灵机一动，想到了一个歪点子，哦不，是一个好创意，给蟑螂兄做一套水陆两栖鞋，蟑螂兄穿上了这双高科技鞋子，一定能在水...,12.4万,375,2019-11-15,歪点子实验室,,02:22,https://www.bilibili.com/video/BV1TJ411U72e
日常,还以为它们都挂了，结果......,很抱歉，由于之前受了一点小伤，脱更了这么久。现在能稍微活动活动了，就第一时间去看望我们的老朋友，我养的一些小宠物。已经两个多星期没喂食了，不知道还有多少幸存者。,25.6万,205,2020-12-08,歪点子实验室,,03:40,https://www.bilibili.com/video/BV1it4y1Y7R6
日常,给蟑螂喝风油精，提神醒脑还是昏昏欲睡？前方高能！,给蟑螂喝风油精，提神醒脑还是昏昏欲睡？前方高能！,17.3万,1674,2019-04-30,歪点子实验室,,04:22,https://www.bilibili.com/video/BV1P4411t7C9
日常,把螨虫放大100倍！显微镜下的螨虫长得这么可爱！,之前我做了一期蜘蛛蜕皮的节目，很多小朋友都对这些移动的小白点产生了兴趣，所以，今天我们把这些小白点放大100倍，来看看这到底是什么东西,18.5万,505,2020-06-03,歪点子实验室,,02:57,https://www.bilibili.com/video/BV1Fv41167N5
日常,把小龙虾放进印度恒河水中会怎么样？,据说恒河水是开过光的，不但能包治百病，还能驱邪降魔，甚至能修神飞仙。今天我们就用这瓶开过光的恒河水来养小龙虾，看看小龙虾能不能成功飞仙。,59.9万,3924,2019-12-23,歪点子实验室,,02:58,https://www.bilibili.com/video/BV19J411s7D9
日常,给“水蛭”喝点“雪碧”会怎么样？二氧化碳中毒了？,在上期视频里，我们发现水蛭真的很强悍，生命力极强，连真空都不怕，真英雄，因此我准备奖励它一罐肥仔快乐水，额，可乐喝完了，那就用雪碧代替吧。我们来看看，水蛭喝了雪碧以后会不会很快乐，从此走上蛭生巅峰。,19.2万,914,2019-07-03,歪点子实验室,,02:56,https://www.bilibili.com/video/BV114411w7PZ
日常,如果把蟑螂和螃蟹放一起，螃蟹会把蟑螂吃掉吗？,最近小螃蟹饿了，想补充补充蛋白质,13.8万,742,2020-07-03,歪点子实验室,,04:15,https://www.bilibili.com/video/BV16i4y1G7Qm
日常,尾巴上长钳子的怪虫子！蠼螋！被它夹一下会很疼吗？,这是一只尾巴上带小钳子的虫子，很多人都见过，但不一定能叫出它的名字，它叫蠼螋，最主要的特征就是尾巴上的钳子了，看样子十分凶悍。接下来我还会作死一回，让它的钳子夹我一下，不知道是什么感觉。,25.7万,1798,2020-03-24,歪点子实验室,,02:34,https://www.bilibili.com/video/BV1vE411A7J5
日常,用“放大镜”把太阳光聚焦到“小强”身上，能不能点燃蟑螂？,这几天天气好热，动不动就38度高温，只要空调一关，就像是在蒸桑拿。这时蟑螂兄站了出来，说道，这算什么，我们蟑螂星的太阳比这个强100倍，那种太阳晒着才过瘾，那么，蟑螂兄是不是在吹牛呢？正好，前几天在拼夕夕买的放大镜派上了用场，那么就让这个放...,10.4万,729,2019-08-01,歪点子实验室,,03:15,https://www.bilibili.com/video/BV1Pt411F7GK
日常,用显微镜把“面包虫”放大100倍后惊呆了，难怪杀伤力这么强！,这是一只面包虫，我拍视频也4个月了，这期间我用面包虫做了很多实验，面包虫也经受住了诸如1000度烧红的铁球，硫酸，风油精，辣椒油，酒精等等的考验，作为老朋友，是不是还没有近距离观察过它，今天我们就用显微镜把面包虫放大100倍，看看我们的老朋...,36.5万,1356,2019-08-05,歪点子实验室,,02:34,https://www.bilibili.com/video/BV1St411M7HQ
日常,把鞭炮绑在小强的身上，然后点燃爆炸！,把鞭炮绑在小强的身上，然后点燃爆炸！小强会被炸得粉碎吗？,100.5万,5027,2019-05-31,歪点子实验室,,03:17,https://www.bilibili.com/video/BV1S4411H7iU
日常,小龙虾加热到多少度变红？水蛭和小龙虾耐高温实验,上期我们做了一期蟑螂，水蛭，小龙虾的冰桶挑战实验，结果，这三个家伙还都挺抗冻的，今天我们来做一期水蛭和小龙虾的耐高温测试吧，蟑螂兄由于提前回家过年了，所以本次实验就缺席了，还请大家多多谅解。,45.9万,1630,2020-01-22,歪点子实验室,,03:05,https://www.bilibili.com/video/BV1x7411e7qq
日常,灭蟑螂大作战！这都能灭蟑螂？,如果你在家里看到一只蟑螂，很害怕，家里又没有蟑螂药，你该怎么办？,32.7万,587,2021-02-05,歪点子实验室,,04:11,https://www.bilibili.com/video/BV14v4y1Z7PQ
日常,“蟑螂”会吃同类的“骨灰”吗？小强能守住自己的道德底线吗？,大家知道，一般的动物对同类的尸体都有敬畏之心，或恐惧，或伤心，比如大象看到同类的尸体会哭泣，那么换成小强呢？今天我要做的实验就是让小强吃自己同类的骨灰，看看小强能否守住自己的道德底线？,6.7万,663,2019-07-21,歪点子实验室,,03:28,https://www.bilibili.com/video/BV1ot411E7hj
日常,把“蟑螂”切成两半，大家来猜猜小强还能活多久？,大家知道，小强的生命力很强，即使把小强的头砍掉，它还能存活好几天，那么问题来了，如果把小强一刀切成两半，小强还能活多久？,14.0万,866,2019-06-19,歪点子实验室,,03:02,https://www.bilibili.com/video/BV1T4411V7FE
日常,一只蚂蚁单挑一条面包虫！太不可思议了！,突然有一天，不知道脑子哪根筋搭错，辞职了，每天不务正业，拍虫子视频，发到各个平台，虽然每天都有很多人骂我，但每次看到支持我的粉丝，特别是看到粉丝们的关注，点赞，投币，分享，让我坚持到了现在，虽然可能收入还没以前当码农高，但是我很快乐。谢谢大...,77.6万,3194,2020-07-06,歪点子实验室,,04:28,https://www.bilibili.com/video/BV1FT4y1E7Hm
日常,史上最暴力拆解CPU，放大1000倍，美翻了！,,10.8万,325,2020-02-26,歪点子实验室,,02:28,https://www.bilibili.com/video/BV1W7411K73Q
日常,火山爆发？把“1000度铁球”丢进“牙膏”里会怎么样？,今天我们要做的实验是把一个铁球加热到1000度，然后扔进牙膏里，不知道牙膏会变成什么样子，我想一定会很好玩！,13.1万,660,2020-02-14,歪点子实验室,,02:40,https://www.bilibili.com/video/BV1W7411G7aV
日常,超级厉害的激光武器！,这是一个激光发射器，可厉害了。至于我买这个激光器是用来干什么的，这还用问吗？你们都懂的！,27.7万,1492,2020-04-01,歪点子实验室,,02:55,https://www.bilibili.com/video/BV1Nc411h76Q
日常,有荤有素？大米里生虫子了还能吃吗？,,31.7万,545,2021-01-19,歪点子实验室,,03:09,https://www.bilibili.com/video/BV14A411H7tB
日常,把蟑螂、面包虫、大麦虫放太阳底下暴晒，谁能活到最后？,梅雨季节刚过，气温一下子就飙升到了37、38度，真不知道如果没有空调，该怎么过。人类真的好脆弱，既怕冷又怕热。那么作为人类最好的朋友之一的虫子呢，能否忍受这种高温呢？今天我们要做的实验就是把蟑螂，面包虫，大麦虫放到室外阳光下暴晒，看看这三种...,8.2万,365,2019-07-26,歪点子实验室,,02:15,https://www.bilibili.com/video/BV1Bt411A7h8
日常,把刚孵化的小蟑螂放大100倍，蟑螂也可以这么萌！,刚刚在厨房抽屉里发现了一枚蟑螂卵鞘，在卵鞘的边上还发现了这个家伙，一只刚刚孵化不久的小蟑螂，实在太小了，看不太清楚，接下来我将把它放到显微镜下面放大100倍，近距离看看这只刚出生的小小强到底长什么样。,14.1万,835,2020-02-10,歪点子实验室,,02:09,https://www.bilibili.com/video/BV1R7411472P
日常,面包虫PK大麦虫，号称“超级面包虫”的大麦虫战斗力如何？,今天我们要做的实验相信大家也猜到了，把面包虫和大麦虫混合在一起，放到同一个容器中饲养，会发生什么情况呢？到底是谁灭谁？还是两败俱伤？又或者是和睦相处呢？,16.5万,432,2019-07-25,歪点子实验室,,02:02,https://www.bilibili.com/video/BV1nt411j7ZX
日常,把“食用油”注射到“蟑螂”体内，小强血脂升高长胖了！,最近比较忙，很少喂小强吃东西，小强们一个个都瘦了很多，所以我决定给小强补充补充营养，当然要用最简单直接的方法，那就是注射食用油，让小强血脂升高，可能长肉会快一点,12.1万,669,2019-07-01,歪点子实验室,,02:49,https://www.bilibili.com/video/BV1jx411X7id
日常,蝎子VS蟑螂，蝎子把小强大卸八块！痛快！,"这是一只雨林蝎，这大钳子，一看就知道不是好惹的，加上尾巴上的毒针，杀伤力更是不用说了。接下来会有一系列关于蝎子的实验，敬请期待哦，今天我们先来个开胃菜，把一只蟑螂扔给蝎子，看蝎子是怎么把小强大卸八块的。
微信公众号：歪点子实验室
新浪微博：...",8.6万,384,2019-08-14,歪点子实验室,,03:10,https://www.bilibili.com/video/BV1E4411D7UX
日常,不可思议的攻击力！蚂蚁捕杀南方大蟑螂！,令人期待的蚂蚁吃蟑螂终于来了。首先做一下科普，蚂蚁捕杀猎物主要靠三个武器，第一个也是最直接的，就是利用强有力的上颚撕咬，第二个是喷射蚁酸，蚁酸虽然强大，但也有可能误伤了自己。第三个是有的蚂蚁还有类似蜜蜂一样的毒针,42.7万,1917,2020-03-21,歪点子实验室,,02:50,https://www.bilibili.com/video/BV1dE411P7im
日常,如何灭蟑螂？蟑螂药效果测试！,炎热的夏天到了，讨厌的蟑螂又出来活动了，每天都有很多小朋友私信我，问我该如何除蟑螂。,9.8万,505,2020-06-19,歪点子实验室,,04:44,https://www.bilibili.com/video/BV1rk4y1z7pB
日常,竹节虫！这是一根会动的树枝！,竹节虫的身体一节一节的，身体修长，像一根细细的竹子，故而得名竹节虫，是一种中型或大型昆虫，一般体长在6厘米到24厘米，最大的可以长到超过60厘米。,24.3万,793,2020-06-12,歪点子实验室,,03:01,https://www.bilibili.com/video/BV1wf4y1m7Kv
日常,用1000度的铁球做爆米花！效果出乎你的想象！这才是真香！,Hello大家好，欢迎来到歪点子实验室，今天我要挑战的是用1000度的铁球做爆米花，我想应该会很会刺激，那究竟效果怎么样呢？一起往下看吧。,1.5万,82,2019-05-04,歪点子实验室,,03:54,https://www.bilibili.com/video/BV194411v7eK
日常,“蟑螂”会吃自己的“大便”吗？这个实验太邪恶了！,这就是蟑螂屎，我收集了两个星期的成果。看到了吗，里面都长小虫子了。今天我们的实验是让小强吃自己的大便。当然，直接给它们吃肯定是不会吃的，得加工一下，看看我的厨艺到底如何，能不能让小强吃上自己的大便。,10.0万,1651,2019-07-09,歪点子实验室,,03:39,https://www.bilibili.com/video/BV18x411Z7Gy
日常,把蟑螂放大100倍，到底有多恐怖？,Hello大家好，欢迎来到歪点子实验室。这只南方大蟑螂是不是看上去很吓人，那么如果把它再放大100倍呢，当然，它将变得更吓人！下面就让我们一起来看看把蟑螂放大100倍究竟有多恐怖。如果你觉得这个视频很下饭，记得这次一定要给我点赞哦。,13.0万,511,2019-12-11,歪点子实验室,,02:38,https://www.bilibili.com/video/BV1jJ411174G
日常,用“显微镜”把“火柴”放大100倍，仿佛来到了另一个世界！,昨天晚上家里飞进来一只蜻蜓，今天一早正准备把它放走，结果...它已经死了。所以，我没有伤害蜻蜓哦。既然死了，那就不能浪费了，赶快拿到显微镜下面来看看吧。,75.3万,1939,2020-02-05,歪点子实验室,,02:08,https://www.bilibili.com/video/BV157411H727
日常,蚊香对蟑螂有效吗？蟑螂在蚊香的熏陶下能坚持多久？前方高能！,夏天快到了，蚊子越来越多了，既然蚊香能熏蚊子，那能不能用来熏同样是四害之一的小强呢？今天我们就来试试。,9.3万,797,2019-04-28,歪点子实验室,,04:44,https://www.bilibili.com/video/BV1y4411b7GP
日常,面包虫VS小乌龟，面包虫居然被乌龟撕成无数碎片？,Hello大家好，欢迎来到歪点子实验室，这是两只小乌龟，刚养了3个月，今年春天刚买回来的时候，肚子上的卵黄还没完全吸收干净。我天天喂它们吃面包虫，所以长得超级快。别看它们小，吃起面包虫来可凶悍了，下面就让我们一起来欣赏欣赏小乌龟是如何把面包...,44.9万,866,2019-08-25,歪点子实验室,,02:32,https://www.bilibili.com/video/BV1U4411z7kh
日常,吃蟑螂！原来蝈蝈是食肉昆虫！蝈蝈连吃四只蟑螂！,其实，蝈蝈是杂食性的，而且更偏向于肉食性。蝈蝈学名叫做螽斯，野生的蝈蝈主要靠捕食一些小昆虫填饱肚子，要是实在找不到吃的，也会啃食一些树叶，嫩芽以及果实。今天蝈蝈的晚餐是蟑螂！,31.2万,1398,2020-04-24,歪点子实验室,,03:06,https://www.bilibili.com/video/BV1MT4y137B5
日常,颠覆你的认知！纸片居然能把肥宅快乐水切开？,,7.7万,317,2020-03-03,歪点子实验室,,02:04,https://www.bilibili.com/video/BV19E411j73h
日常,给“面包虫”吃“涪陵榨菜”，活得不如面包虫系列！,"最近有台湾某知名名嘴居然说咱们大陆人民吃不起涪陵榨菜，一怒之下，我赶紧去超市买了一包涪陵榨菜压压惊，回家后我觉得不能吃独食啊，得跟小伙伴们一起分享，所以，今天我们就给面包虫吃涪陵榨菜，看看面包虫喜不喜欢吃这么昂贵的食物。
微信公众号：歪点子...",12.1万,817,2019-08-16,歪点子实验室,,02:30,https://www.bilibili.com/video/BV1G4411Z7R5
日常,把200条面包虫冻成一块冰，用锤子猛砸冰块会发生什么？,今天我们来做冰冻挑战第二期，没看过第一期的小伙伴可以去看一下上一期冰冻小强。今天第二期我们把面包虫冻成冰块，看它们能不能存活。,3.7万,316,2019-06-10,歪点子实验室,,04:04,https://www.bilibili.com/video/BV1R4411N7NJ
日常,【前方高能】给面包虫喝点酒，面包虫会喝醉吗？还能醒过来吗？,"Hello大家好，欢迎来到歪点子实验室，前段时间面包虫拍视频拍得挺辛苦的，所以我想犒劳犒劳它们，给它们准备了一些95度的高度白酒，不知道它们喜不喜欢，会不会喝醉，喝醉了还能醒过来吗？那接下来让我们一起去看看吧
想要本视频BGM的可以关注微信...",2.0万,162,2019-05-22,歪点子实验室,,03:17,https://www.bilibili.com/video/BV1X441157bu
日常,给小强喝最辣的浓缩辣椒油会怎么样？看着就无比酸爽！,蟑螂喜欢吃辣椒吗？给小强喝一点号称最辣的浓缩辣椒油，看小强会有什么反应！,41.8万,2869,2019-06-12,歪点子实验室,,04:39,https://www.bilibili.com/video/BV1F4411P7rw
日常,“鼻涕虫”大战“面包虫”，面包虫吃了一大口鼻涕？,"鼻涕虫身上有一层厚厚的粘液保护着皮肤，咬上去想胶水一样，根本咬不到肉，那面包虫究竟能不能搞定鼻涕虫呢？一起跟我来揭开谜底吧。
欢迎关注微信公众号《歪点子实验室》",10.6万,401,2019-07-08,歪点子实验室,,02:34,https://www.bilibili.com/video/BV1t4411F7oW
日常,最硬核的开箱视频，开箱100只带翅膀会飞的南方大蟑螂！,Hello大家好，欢迎来到歪点子实验室，今天来做一期超级硬核的开箱视频，足足100只带翅膀会飞的南方大蟑螂，是不是很期待？那么，屁话不多说，开始今天的开箱吧，先祈祷一下，希望不要有蟑螂越狱出来。,14.6万,579,2019-12-14,歪点子实验室,,02:40,https://www.bilibili.com/video/BV1rJ411r7hr
日常,用1000度的铁球煮一碗饭香喷喷的米饭！真香！要什么电饭煲！,忙了一天，却还没吃饭，肚子饿得慌，没有厨房，没有锅碗瓢盆，更不会做饭，只有大米，还有铁蛋一枚，怎么办呢？,1.4万,149,2019-05-02,歪点子实验室,,03:31,https://www.bilibili.com/video/BV1e4411x7eA
日常,给水蛭喝点可乐会怎么样？探索肥宅快乐水不为人知的功效！,最近水蛭兄状态不太好，整天懒洋洋的，做什么事情都提不起劲来，这时候，它最最需要的是来一瓶肥宅快乐水，作为一个资深的死肥宅，没有什么比来一瓶冰镇可乐再舒服的了，而且，正如片头展示的那样，它还有特殊的功效哦。那么，让我们一起来看看水蛭喝了肥宅快...,15.6万,1241,2019-08-29,歪点子实验室,,02:41,https://www.bilibili.com/video/BV1Y4411z7ov
日常,蟑螂生死选择大考验！小强能否选对路线存活下来？,"歪点子闲聊qq群：706263202
辞职在家一心做视频，只有蟑螂陪伴我。激励计划和淘宝店卖蟑螂药就是全部收入了，求你不要看到广告就取关，希望能够理解和体谅，感激不尽！",59.1万,2223,2019-10-21,歪点子实验室,,03:35,https://www.bilibili.com/video/BV1gE411r7Mg
日常,呆萌呆萌的蜘蛛！长了一副驴脸？,刚刚在草丛中抓到了两只长得非常可爱的蜘蛛，一只腿上长满了长毛，另一只比较光滑，乍一看好像并不是很起眼，等一下把它们放大以后，你会发现，这两只蜘蛛的长得又呆又萌，非常非常可爱，所以，一定要看到最后哦,9.7万,602,2020-06-08,歪点子实验室,,03:25,https://www.bilibili.com/video/BV1EC4y1a779
日常,把“面包虫”丢进“真空箱”里会怎么样？听说面包虫会炸碎？,之前在真空箱里做过很多实验，螃蟹，水蛭等水生动物并不怕真空，而陆生的小强号称生命力无敌，却是个废柴垃圾，在真空中瞬间暴毙了。今天该轮到面包虫进真空箱了。,32.1万,5587,2019-07-11,歪点子实验室,,03:19,https://www.bilibili.com/video/BV1pt41157Qs
日常,咖喱蟑螂？把蟑螂丢进咖喱粉里能活几天？,最近，蟑螂兄的印度表哥来做客，蟑螂兄怕表哥吃不惯当地食物，特地拿出了上好的咖喱来招待它。为了表示足够的诚意，蟑螂兄还请印度表哥洗了个咖喱浴。听说洗咖喱浴会上头，不知道蟑螂表兄弟俩能坚持多久。,14.2万,933,2020-02-24,歪点子实验室,,03:16,https://www.bilibili.com/video/BV1G7411u7HL
日常,世界上最漂亮的蟑螂：古巴绿香蕉蟑螂,Hello大家好，欢迎来到歪点子实验室。这只绿色的小东西你们一定没见过吧，如果我说它其实是一只蟑螂，可能你们会不相信，但它确确实实就是一只蟑螂，它就是被称为世界上最漂亮的蟑螂，古巴绿香蕉蟑螂。,42.2万,1713,2019-12-18,歪点子实验室,,02:14,https://www.bilibili.com/video/BV1GJ411t7sv
日常,蟑螂vs蜡烛，当小强遇上蜡烛，会变成蜡像吗？,"Hello大家好，欢迎来到歪点子实验室，鉴于前段时间小强的表象很好，宁可牺牲自己也要让我把视频拍完，所以为了纪念它们作出的伟大贡献，我决定给小强做一个蜡像，以此纪念牺牲的小强们。
想要本视频BGM的可以关注微信公众号“歪点子实验室”，回复B...",3.9万,163,2019-05-19,歪点子实验室,,02:44,https://www.bilibili.com/video/BV1N4411j78y
日常,面包虫会自相残杀吗？结果让人吃惊！,前几天有一个小朋友私信问我，既然说面包虫很厉害，几乎什么都吃，那它们会吃同类吗？这是我养的一盒面包虫，已经扔在角落里一个月没有管过了，正好用来回答这个小朋友的问题。,35.9万,633,2020-04-06,歪点子实验室,,02:51,https://www.bilibili.com/video/BV1jZ4y1j7kG
日常,断成三段的蚯蚓还能存活吗？实验结果颠覆你的认知！,如果一条蚯蚓断成了三节，它还能存活吗？今天的实验我们就来研究这个问题！,19.8万,880,2020-05-15,歪点子实验室,,05:05,https://www.bilibili.com/video/BV1pA411t7wS
日常,油炸面包虫！香脆可口！营养丰富！你敢吃吗？,今天我们来做一道美食，这道美食的优点是高蛋白，低脂肪，营养丰富，香脆可口，没错，今天我们来油炸面包虫，你敢吃吗？,15.8万,1410,2020-01-27,歪点子实验室,,02:17,https://www.bilibili.com/video/BV1d7411678p
日常,把“蟑螂”粘在电脑CPU风扇上，万万没想更受伤的却是风扇！,这是我平时做视频的电脑，是个迷你机箱，外观还可以，就是散热有点差，渲染视频动不动就80-90度的，今天突发奇想，如果把小强绑在CPU的风扇上旋转，小强会不会转晕呢？我居然想得出这种歪点子，赶快点个赞吧,14.8万,1383,2019-07-19,歪点子实验室,,04:13,https://www.bilibili.com/video/BV1gt411n7zo
日常,神秘消失的泡沫！把502胶水滴到泡沫板上，神奇的现象出现了！,神秘消失的泡沫！把502胶水滴到泡沫板上，神奇的现象出现了！,8.9万,200,2019-12-09,歪点子实验室,,02:14,https://www.bilibili.com/video/BV1NJ411y7yU
日常,往“鼻涕虫”身上撒一点盐，给鼻涕虫擤鼻涕！,我在楼下窨井盖附近发现了好多鼻涕虫，全身上下滑滑的，黏黏的，有点小恶心？听说鼻涕虫很怕盐，只要一下把盐就能让鼻涕虫丧命，那今天我们来试试，鼻涕虫是不是真的很怕盐,6.2万,736,2019-06-28,歪点子实验室,,04:19,https://www.bilibili.com/video/BV1mx411d7M9
日常,给“水蛭”喝点“漱口水”会怎么样？不知道水蛭有没有牙齿？,Hello大家好，欢迎来到歪点子实验室，这是一瓶漱口水，我知道你们已经猜到了，等一下，把水蛭放漱口水里面，不知道会怎么样。,11.7万,718,2019-07-29,歪点子实验室,,03:24,https://www.bilibili.com/video/BV1Lt411A7cL
日常,为什么你家里会有蚊子？,刚入秋，虽然天气慢慢变凉快了一些，但是大家有没有发现，蚊子却比盛夏时候更加猖狂了，特别烦,11.5万,822,2020-10-08,歪点子实验室,,04:03,https://www.bilibili.com/video/BV1ei4y1E7Rq
日常,硫酸vs醋酸，把鸡蛋分别放进两种酸中，结果却极其不科学！,大家知道，醋酸是一种弱酸，硫酸是一种强酸，今天我们要做的实验是把两个鸡蛋分别放进30%的醋酸以及35%的硫酸当中，看这一强一弱两种酸对鸡蛋的伤害差距到底有多大。,6.1万,380,2019-05-13,歪点子实验室,,03:17,https://www.bilibili.com/video/BV1Y4411a7dD
日常,全球第一只尝遍酸甜苦辣的蟑螂！荣获搞笑吉尼斯纪录小强奖！,在上一期视频里，我们用从鞭炮里拆出来的火药火化了一只小强，很多小伙伴在评论里问我，为什么这只小强是死的？这一期视频我们就来揭晓答案，这只小强到底是怎么死的！它应该是全世界第一只一次性尝遍酸甜苦辣的小强！因此荣获了搞笑吉尼斯世界纪录小强奖！,10.8万,1178,2019-07-31,歪点子实验室,,03:06,https://www.bilibili.com/video/BV1Pt411w7cR
日常,当老干妈遇到1000度的铁球，火山爆发后的“辣椒碳”真香！,Hello大家好，欢迎收看歪点子实验室，这是一瓶老干妈，但我始终想不通，不就是一瓶辣椒酱，凭什么火遍大江南北，甚至火遍全球？我觉得它应该靠的是1000度的铁球，嗯，应该是这样子的。,4.1万,251,2019-04-13,歪点子实验室,,03:24,https://www.bilibili.com/video/BV1Tb411T7v5
日常,千足虫VS黑乎乎的大蚂蚁！结果太诡异了！,很多小伙伴都私信我，说很久没见到蚂蚁了，想再看看我的蚂蚁最近怎么样了，今天我们就来看看蚂蚁的情况，然后我会放一条马陆到蚂蚁窝里，看看会发生什么好玩的事情。,33.3万,443,2020-09-07,歪点子实验室,,03:27,https://www.bilibili.com/video/BV14K4y1a7xc
日常,把烧到1000度发红的铁球扔进八宝粥里，瞬间火山爆发！,"歪点子闲聊qq群：706263202
微信公帐号：歪点子实验室
淘宝店地址：https://wdzsys.taobao.com
辞职在家一心做视频，只有蟑螂陪伴我，看在天天被蟑螂包围的份上，给我点个赞应该不过分吧。激励计划和淘宝店卖蟑螂药就...",3.7万,369,2019-04-01,歪点子实验室,,04:28,https://www.bilibili.com/video/BV1ub411p7hQ
日常,用生石灰煮鸡蛋真的很美味，不是瞎说，我真的吃了！,现在是下午2点钟，我还没吃午饭，肚子饿死了，家里只有一个生鸡蛋，那就煮鸡蛋吃吧，等等，你以为我会用水煮鸡蛋？看看我的名字，可能吗？今天我要用生石灰煮鸡蛋，听上去就很棒，我想，味道应该也会不错吧。好了，废话不多说，马上开始吧。,10.4万,434,2019-09-08,歪点子实验室,,02:45,https://www.bilibili.com/video/BV174411C7bG
日常,高能！用汽车发动机烤牛排和鸡翅！真香！要什么烧烤箱电磁炉！,高能！用汽车发动机烤牛排和鸡翅！真香！要什么烧烤箱电磁炉！,2.4万,155,2019-04-22,歪点子实验室,,08:36,https://www.bilibili.com/video/BV19b41137ry
日常,易拉罐加热到一千度泡方便面！真香！一定要看到最后！有惊喜！,,1.6万,61,2019-05-09,歪点子实验室,,02:44,https://www.bilibili.com/video/BV1w4411Y7Az
日常,用1000度铁球烤鸡蛋！然后喂给蟑螂吃！前方高能！,之前我做过用喷火枪烤鸡蛋，然后喂给面包虫吃，面包虫吃得晶晶有味，那今天改用1000度的铁球来烤鸡蛋，看看效果怎么样，最后同样会喂给我的另一个功臣小强吃掉,6.4万,291,2019-05-29,歪点子实验室,,03:35,https://www.bilibili.com/video/BV1B4411W7kq
日常,来看看刚出生的“小蟑螂”，是不是有点可爱？,"这两个是蟑螂的卵鞘，每个卵鞘里面大概有几十粒卵。
这就是小蟑螂。行动好敏捷，长长的触须比身体还长，仔细看这些小小强，非但不讨厌，是不是还有点可爱。",6.3万,668,2019-07-06,歪点子实验室,,02:13,https://www.bilibili.com/video/BV1m4411c7uZ
日常,把蟑螂放到CPU散热器上单烤FPU会怎么样？能把小强烤熟吗？,这是我的新电脑，用来渲染视频，其实是一台志强双路E5洋垃圾，注意是双路，有两个CPU，不是双核哦。这货有16核32线程，发热量一定很厉害，那么，脑袋里又蹦出了一个歪点子，用它来烤小强会怎么样呢？能不能烤熟呢？,4.0万,244,2019-08-08,歪点子实验室,,02:40,https://www.bilibili.com/video/BV1rt411N7Yi
日常,把电脑CPU加热到600度！指甲大小的玻璃片价值2千元？,把一块电脑的CPU加热到600℃会怎么样？一块指甲大小的玻璃片就价值2000块钱？究竟是怎么做到的？下面我们就来看看我加热CPU的过程吧！,6.0万,339,2019-05-21,歪点子实验室,,04:32,https://www.bilibili.com/video/BV1R4411j7h1
日常,用1000度烧红的铁球煮牛奶！意外砸碎了一个新买的量杯！,"歪点子闲聊qq群：706263202
微信公帐号：歪点子实验室
淘宝店地址：https://wdzsys.taobao.com
辞职在家一心做视频，只有蟑螂陪伴我，看在天天被蟑螂包围的份上，给我点个赞应该不过分吧。激励计划和淘宝店卖蟑螂药就...",1.6万,182,2019-04-02,歪点子实验室,,04:31,https://www.bilibili.com/video/BV1mb411p7wf
日常,用”喷火枪“烤鸡蛋！味道怎么样？高能警告！,前几天在网上买了一支瓦斯喷火枪，问店家客服能不能用来烤鸡蛋，客服说不能，但不知道为什么，越是不能的事情我越想去做，所以，今天我决定用喷火枪来烤鸡蛋,3.9万,186,2019-05-24,歪点子实验室,,03:45,https://www.bilibili.com/video/BV1v4411L7gj
日常,把“水蛭”丢进“真空箱”里会怎么样？“蚂蝗”连真空都不怕？,"大家知道，小强的生命力很强，但之前做过的实验表明，小强并不能在真空中存活，会瞬间暴毙，很令人失望，那换成水蛭呢？大家猜猜把水蛭丢进真空箱里会怎么样？
欢迎关注“歪点子实验室”微信公众号",76.5万,7393,2019-07-02,歪点子实验室,,02:55,https://www.bilibili.com/video/BV1wx41197zG
日常,把水蛭冻成冰块，破冰而出的水蛭又硬又滑，连锤子都砸不动！,今天我们来做冰冻挑战第三期，没看过第一，第二期的小伙伴可以去看一下前两期冰冻小强和面包虫。今天第三期我们把蚂蝗冻成冰块，变得又硬又滑，看它能不能存活。,9.6万,384,2019-06-14,歪点子实验室,,03:02,https://www.bilibili.com/video/BV1F4411N7pD
日常,高能！蟑螂的酒量如何？喝50度二锅头和95度酒精有什么区别？,高能！蟑螂的酒量如何？喝50度二锅头和95度酒精有什么区别？,7.1万,801,2019-04-20,歪点子实验室,,04:26,https://www.bilibili.com/video/BV1Gb411V7Z8
日常,用1000度的铁球泡方便面，真香！一定要看到最后！高能！,作为一个新up主，自然是穷得叮当响，只能每天以吃泡面为生，今天我要换个泡法，对，你没猜错，1000度的铁球，好了，让我们开始吧！,15.8万,1136,2019-04-05,歪点子实验室,,04:23,https://www.bilibili.com/video/BV16b411g7nH
日常,强力下水道疏通剂能把蟑螂溶解掉吗？实验结果有意外惊喜！,这是一瓶传说中很厉害的下水道疏通剂，据说能溶解我们生活中的大部分有机物。你们是不是很好奇它能不能溶解蟑螂？那就来试一试吧。,18.7万,818,2020-10-24,歪点子实验室,,04:46,https://www.bilibili.com/video/BV1aK4y177iC
日常,【密集恐惧】把一只蝈蝈丢进10000万条面包虫当中！,这是一只蝈蝈，可惜刚抓回来才养了两天就变成这个样子了。甚是心疼！消息一传出，这可把超级大吃货面包虫兄弟们乐坏了。今晚又可以加餐了！,12.5万,792,2020-05-05,歪点子实验室,,03:12,https://www.bilibili.com/video/BV1jK4y187yG
日常,我的蟑螂全被热死了！如何处理这些死蟑螂？,蟑螂是一种生命力暴强的虫子，几乎能在任何恶略的环境下生存，因此网友们给它取了个亲切的名字--小强。那么，事实真的是这样吗？我有点怀疑，因为我的蟑螂全被我养死了！,9.8万,1685,2020-08-10,歪点子实验室,,03:38,https://www.bilibili.com/video/BV18a4y1J7rC
日常,蟑螂电椅，处死蟑螂的终极武器！,首先问大家一个问题，如果你看到了一只蟑螂，会怎么处置它？一拖鞋踩死？或者用开水烫死？又或者是像我一样变态，直接用手抓住，然后玩死它？这些方法简直太low了。所以，今天来玩个厉害的，制作一把高压电椅来处决蟑螂。,90.7万,5595,2020-01-15,歪点子实验室,,03:00,https://www.bilibili.com/video/BV1mJ411J7ki
日常,蟑螂真的连双氧水都不怕？用双氧水给蟑螂漂白脱色！,"歪点子闲聊qq群：706263202
辞职在家一心做视频，只有蟑螂陪伴我。激励计划和淘宝店卖蟑螂药就是全部收入了，求你不要看到广告就取关，希望能够理解和体谅，感激不尽！",14.0万,493,2019-10-28,歪点子实验室,,02:47,https://www.bilibili.com/video/BV1jE411h7TJ
日常,把蟑螂放进盐里活埋，蟑螂能坚持多长时间？,"歪点子闲聊qq群：706263202
微信公帐号/微博：歪点子实验室
淘宝店：https://wdzsys.taobao.com
辞职在家一心做视频，只有蟑螂陪伴我，看在天天被蟑螂包围的份上，给我点个赞应该不过分吧。激励计划和淘宝店卖蟑螂药...",18.6万,752,2019-10-14,歪点子实验室,,02:40,https://www.bilibili.com/video/BV1SE411d7Xq
日常,把水蛭丢进95#汽油里会怎么样？却不知水蛭的生命力如此强大！,"歪点子闲聊qq群：706263202
微信公帐号：歪点子实验室
淘宝店地址：https://wdzsys.taobao.com
辞职在家一心做视频，只有蟑螂陪伴我，看在天天被蟑螂包围的份上，给我点个赞应该不过分吧。激励计划和淘宝店卖蟑螂药就...",8.3万,516,2019-10-09,歪点子实验室,,04:26,https://www.bilibili.com/video/BV18E411f7MZ
日常,带大家看看我家有多少蟑螂！我是如何灭蟑螂的！,"歪点子闲聊qq群：706263202
微信公帐号：歪点子实验室
淘宝店地址：https://wdzsys.taobao.com
辞职在家一心做视频，只有蟑螂陪伴我，看在天天被蟑螂包围的份上，给我点个赞应该不过分吧。激励计划和淘宝店卖蟑螂药就...",6.3万,465,2019-09-29,歪点子实验室,,05:29,https://www.bilibili.com/video/BV1aE411R78Y
日常,我来教大家如何灭“蟑螂”！小强一只都跑不掉！,"歪点子闲聊qq群：706263202
微信公帐号：歪点子实验室
淘宝店地址：https://wdzsys.taobao.com
辞职在家一心做视频，只有蟑螂陪伴我，看在天天被蟑螂包围的份上，给我点个赞应该不过分吧。激励计划和淘宝店卖蟑螂药就...",4.1万,197,2019-09-27,歪点子实验室,,04:37,https://www.bilibili.com/video/BV12J411T7fN
日常,给“蟑螂”喝点“魔爪”会怎么样？我居然给蟑螂做人工呼吸？,"歪点子闲聊qq群：706263202
微信公帐号：歪点子实验室
淘宝店地址：https://wdzsys.taobao.com
辞职在家一心做视频，只有蟑螂陪伴我，看在天天被蟑螂包围的份上，给我点个赞应该不过分吧。激励计划和淘宝店卖蟑螂药就...",6.0万,310,2019-09-25,歪点子实验室,,02:51,https://www.bilibili.com/video/BV1DJ411K7Tw
日常,把“蝗虫”扔进一堆“面包虫”里面会怎么样？身体被掏空了！,"歪点子闲聊qq群：706263202
微信公帐号：歪点子实验室
淘宝店地址：https://wdzsys.taobao.com
辞职在家一心做视频，只有蟑螂陪伴我，看在天天被蟑螂包围的份上，给我点个赞应该不过分吧。激励计划和淘宝店卖蟑螂药就...",10.3万,272,2019-09-23,歪点子实验室,,02:35,https://www.bilibili.com/video/BV1EJ411M7rb
日常,把“502胶水”注射到“蟑螂”体内会怎么样？,"歪点子闲聊qq群：706263202
微信公帐号：歪点子实验室
淘宝店地址：https://wdzsys.taobao.com
辞职在家一心做视频，只有蟑螂陪伴我，看在天天被蟑螂包围的份上，给我点个赞应该不过分吧。激励计划和淘宝店卖蟑螂药就...",15.9万,731,2019-09-18,歪点子实验室,,02:56,https://www.bilibili.com/video/BV1RJ411g7py
日常,兑现承诺，徒手抓蜈蚣！,"歪点子闲聊qq群：706263202
微信公帐号：歪点子实验室
淘宝店地址：https://wdzsys.taobao.com
辞职在家一心做视频，只有蟑螂陪伴我，看在天天被蟑螂包围的份上，给我点个赞应该不过分吧。激励计划和淘宝店卖蟑螂药就...",7.7万,236,2019-09-13,歪点子实验室,,01:42,https://www.bilibili.com/video/BV1jJ411N7uA
日常,把“蜈蚣”丢进“硫酸”里会怎么样？看完你一定会喊“卧槽”！,"歪点子闲聊qq群：706263202
微信公帐号：歪点子实验室
淘宝店地址：https://wdzsys.taobao.com
辞职在家一心做视频，只有蟑螂陪伴我，看在天天被蟑螂包围的份上，给我点个赞应该不过分吧。激励计划和淘宝店卖蟑螂药就...",17.4万,1218,2019-09-11,歪点子实验室,,03:06,https://www.bilibili.com/video/BV1jJ411K7mV
日常,把“水蛭”埋进“生石灰”里会怎么样？蚂蝗烫掉了一层皮？,上次我给小强泡了一次石灰温泉，水蛭知道以后眼红了，这几天也闹着要泡石灰温泉。我对水蛭说，石灰温泉可是很热的，烫伤了可不好玩了，水蛭说，烫掉皮也没关系，结果水蛭还真烫掉了一层皮，下面就让我们一起来看看具体过程吧。,22.3万,1203,2019-09-05,歪点子实验室,,03:42,https://www.bilibili.com/video/BV1W4411y7xB
日常,把“水蛭”扔进“高锰酸钾”溶液里会怎么样？震惊的超强氧化性！,高锰酸钾，化学都学过吧，这东西有超强氧化性，还可以用来消毒，治疗某些感染。正好，最近水蛭说它某个部位有点瘙痒，晚上难以入眠，十分难受，要不给它用点高锰酸钾消消毒吧。现在，脑洞的时间又到了，写出你认为正确的或瞎编的水蛭与高锰酸钾反应的化学式吧...,11.8万,795,2019-08-31,歪点子实验室,,03:24,https://www.bilibili.com/video/BV1E4411B7XJ
日常,给小强一次性抽一整包烟会怎么样？吓得我赶紧去抽根烟压压惊！,很多网友私信我说想看看小强抽烟，正好，最近小强烟瘾犯了，为此，我准备给小强一次性吸一整包烟，既满足了小强的烟瘾，也满足了你们的眼瘾，是不是很过瘾。好了，简单粗暴，让我们开始吧。,34.6万,1416,2019-08-27,歪点子实验室,,03:07,https://www.bilibili.com/video/BV1Y4411B7Xa
日常,给“蟑螂”吃“涪陵榨菜”，小强的奢侈腐败生活！,"今天我又来炫富了！来给蟑螂们喂奢侈品，乌江涪（pei）陵榨菜。听说小强们平日里生活比较艰苦，只能吃一些剩菜剩饭，果皮垃圾之类的食物，那么它们到底能不能一下子适应奢华生活呢？让我们一起去看看吧。
微信公众号：歪点子实验室
新浪微博：歪点子实验...",4.0万,211,2019-08-23,歪点子实验室,,02:27,https://www.bilibili.com/video/BV1p4411R7XR
日常,把“蟑螂”埋进“生石灰”里，加水的瞬间把我吓到了！,"Hello大家好，欢迎来到歪点子实验室，今天我们要干什么呢？没错，用生石灰活埋小强半个小时，看小强会不会被生石灰呛死，如果小强没死的话，再加点水，给小强泡一下石灰温泉，我想一定会很刺激，好了，废话不多说，简单粗暴，让我们开始吧。
微信公众号...",29.4万,1336,2019-08-21,歪点子实验室,,02:36,https://www.bilibili.com/video/BV1b4411d7oA
日常,给“水蛭”身上撒点“盐”会怎么样？“蚂蝗”也会流血？,大家都知道鼻涕虫很怕盐，一碰到盐就会分泌很多很多粘液，从而会失水死亡，那么如果换成水蛭呢？两者虽然属于不同物种，但看上去都是软绵绵的，水蛭会不会也怕盐呢？今天我们就来试试看。,7.6万,1240,2019-08-03,歪点子实验室,,03:07,https://www.bilibili.com/video/BV1rt411u7Kd
日常,给“水蛭”喝点“醋精”会怎么样？它居然真的成精了！,这些天我一直陪小强玩，冷落了水蛭，果不其然，水蛭吃醋了，一气之下跳进了醋精里喝个够，结果就......怎么说没了就没了呢！下面就让我来还原一下事情的经过吧。,6.8万,806,2019-07-23,歪点子实验室,,03:37,https://www.bilibili.com/video/BV11t41177kQ
日常,给“水蛭”喝点“柠檬汁”会怎么样？奇迹般的变成了“鼻涕虫”？,天气越来越炎热了，炎炎夏日来一杯柠檬汁应该会不错。前几天小强喝过柠檬汁以后，水蛭就开始嫉妒了，怎么我就没得喝呢？放心，好东西都会有的，今天就轮到水蛭喝柠檬汁了，不料水蛭却变成了鼻涕虫，究竟发生了什么事情？跟我一起来寻找答案吧。,5.2万,425,2019-07-18,歪点子实验室,,03:42,https://www.bilibili.com/video/BV1tt41137P6
日常,给“蟑螂”喝点“柠檬汁”会怎么样？干脆直接注射柠檬汁吧！,熟悉我的朋友都知道，我喜欢给小强喂一些奇奇怪怪的东西，但今天我要改变一下，给小强吃点纯天然的东西，一个柠檬。首先先把柠檬切成两半，然后把汁水挤出来。嗯，看着就很酸，不知道小强喜不喜欢吃。,8.3万,694,2019-07-13,歪点子实验室,,03:25,https://www.bilibili.com/video/BV15t411V7je
日常,把“水蛭”丢进“花生油”里会怎么样？“蚂蝗”能坚持到最后吗？,我们的大英雄水蛭在之前的视频中分别挑战了风油精，辣椒油，雪碧，真空等恶劣环境，有成功，当然也有失败，那这次水蛭要挑战什么呢？没错，食用油。大家先猜一波，水蛭这次能挑战成功吗？,6.6万,417,2019-07-05,歪点子实验室,,03:15,https://www.bilibili.com/video/BV1T4411c7v3
日常,慎入！给“水蛭”喝最辣的“辣椒油”会怎么样？瞬间菊花一紧！,一瓶号称最辣的工业级辣椒油，普通人吃了经过稀释了100倍的这种辣椒油以后都会受不了，那如果把这种辣椒油给水蛭吸呢，同样跟鲜血一样鲜红鲜红的，水蛭会不会喜欢呢？,7.5万,539,2019-06-21,歪点子实验室,,03:09,https://www.bilibili.com/video/BV16441137os
日常,把小强冻成一块冰，敲碎冰块的瞬间小强碎了一地！,把小强冻成一块冰，敲碎冰块的瞬间小强碎了一地！,4.3万,320,2019-06-08,歪点子实验室,,03:10,https://www.bilibili.com/video/BV154411T7GB
日常,把10只蜗牛丢进1000条面包虫里！24小时后身体被掏空！,把10只蜗牛丢进1000条面包虫里会怎么样？24小时后身体完全被掏空，只剩下空壳！,15.1万,566,2019-06-06,歪点子实验室,,03:36,https://www.bilibili.com/video/BV1S4411M7pz
日常,把小强装瓶子里，塞进一根鞭炮，小强会怎么样？,把小强装瓶子里，塞进一根鞭炮，小强会怎么样？,23.4万,403,2019-06-04,歪点子实验室,,03:35,https://www.bilibili.com/video/BV1Q4411T7T8
日常,好尴尬！让蚂蟥和风油精来一次亲密接触，它却拉出了一坨粑粑,水蛭俗称为蚂蝗，这东西会吸血，是名副其实的“吸血鬼”，等一下我要给这条蚂蝗吸点否风油精，看看它会不会喜欢，不料它却紧张得拉出了一坨粑粑，这就尴尬了！,8.0万,636,2019-06-02,歪点子实验室,,04:20,https://www.bilibili.com/video/BV184411n7Qc
日常,给面包虫喝点风油精会怎么样？重口味慎入！,天气越来越热了啊，不光是人会感到烦躁，面包虫也一样，变得躁动起来，一刻不得安宁，所以我觉得给它们降降温，用风油精给它们清凉清凉。那效果到底怎么样呢？跟随我一起去看看吧,3.2万,200,2019-05-28,歪点子实验室,,02:55,https://www.bilibili.com/video/BV1u4411W7i8
日常,把蟑螂挂在墙上，不吃不喝的小强到底能活多久？,Hello大家好，欢迎来到歪点子实验室。之前有小伙伴说，想看把蟑螂贴在墙上，不给它吃，不给它喝，能活多久，那今天我们就来看看蟑螂的存活本领，能不能胜任“不死小强”这个称号。,3.0万,133,2019-05-26,歪点子实验室,,05:42,https://www.bilibili.com/video/BV1k4411s7gr
日常,把100条面包虫泡在502胶水中，10分钟以后奇迹发生了！,,5.4万,270,2019-05-17,歪点子实验室,,02:55,https://www.bilibili.com/video/BV1h441177Yz
日常,蟑螂vs热熔胶，用热熔胶把小强裹住，琥珀标本！,这是一只鲜活的小强，这是一把热熔胶枪，知道我要干嘛了吧，什么？对着小强打手枪？你才对着小强打手枪呢，好了，废话不多说，开始吧,3.0万,126,2019-05-16,歪点子实验室,,02:51,https://www.bilibili.com/video/BV1t4411J7h7
日常,惊奇！蟑螂真的能在真空中存活24小时吗？结果出乎你的意料！,大家好，欢迎来到歪点子实验室，听说蟑螂能在真空中存活24小时，之前也看有人做过实验，那事实真的是这样吗？今天我们来验证一下。,7.2万,412,2019-04-23,歪点子实验室,,04:18,https://www.bilibili.com/video/BV1pb411G7Km
日常,重口味！慎入！全球首例蟑螂换头手术，强悍的小强能存活多久？,重口味！慎入！全球首例蟑螂换头手术，强悍的小强能存活多久？,9.6万,794,2019-04-18,歪点子实验室,,05:01,https://www.bilibili.com/video/BV1Ab411L7Pi
日常,可乐在真空中会爆炸吗？再来颗1000度的铁球会怎么样？,Hello大家好，欢迎收看歪点子实验室，有人说可乐在真空中会爆炸，今天我们用实验来验证一下，不管成不成功，至少我们还有1000度的铁球嘛，不怕摧残不了它！废话不多说，我们开始吧。,1.4万,84,2019-04-12,歪点子实验室,,03:55,https://www.bilibili.com/video/BV1Nb411K7Ab
日常,真空箱+1000度铁球！棉花糖到底遭受了怎样的摧残和折磨？,Hello大家好，欢迎收看歪点子实验室，今天的主角是一包棉花糖，它将经历真空环境的洗礼，然后是1000度铁球的摧残，最后它将变成什么样子？是不是很期待？废话不多说，让我们开始吧！,1.1万,157,2019-04-10,歪点子实验室,,04:04,https://www.bilibili.com/video/BV1Rb411T7FC
日常,把小螃蟹放进真空箱，然后用1000度的铁球做油炸螃蟹吃掉！,hello大家好，欢迎收看歪点子实验室，之前的视频中证明了真空中的水在常温下就能沸腾，正好前几天抓了两只小螃蟹，看看放在真空中能会怎么样？让我们开始吧！,3.8万,301,2019-04-08,歪点子实验室,,04:44,https://www.bilibili.com/video/BV19b411u7PY
日常,常温下真空中的水会沸腾吗？在真空中我下面给你吃！,大家好，欢迎收看歪点子实验室， 大家知道，水的沸点是跟大气压有关系的，气压越低，沸点也越低，如果到了青藏高原上，可能70度水就开始沸腾了，那如果到了真空呢？水会不会在常温下就沸腾呢？废话不多说，开始试验吧,3.9万,175,2019-04-03,歪点子实验室,,03:56,https://www.bilibili.com/video/BV1wb411W78j
汽车生活,蟑螂VS汽车碰撞测试，顺便鄙视一下大众帕萨特！,最近，大众帕萨特在25%偏置碰撞测试中撞出了个史上最差成绩，让“德国品质”这四个字丢尽了脸，这可把蟑螂兄急坏了，非要我给它的三辆车，大黄蜂，悍马，兰博基尼，也做一次碰撞测试，看看它的车是否安全,42.8万,1769,2020-01-17,歪点子实验室,,03:35,https://www.bilibili.com/video/BV1BJ411E75t
汽车生活,超酷的“小强动力汽车”，妈妈再也不用担心我加不起汽油了！,"歪点子闲聊qq群：706263202
辞职在家一心做视频，只有蟑螂陪伴我。激励计划和淘宝店卖蟑螂药就是全部收入了，求你不要看到广告就取关，希望能够理解和体谅，感激不尽！",40.1万,1028,2019-11-01,歪点子实验室,,02:23,https://www.bilibili.com/video/BV1aE4118783
爬宠,螳螂断了一条腿还能再长出来吗？神奇的断腿重生！,大家知道，昆虫的再生能力很强，掉个把腿什么的没事，很快就能长出来，那么大家猜猜看，这只螳螂还能长出新的腿来吗？,12.6万,518,2020-08-24,歪点子实验室,,03:11,https://www.bilibili.com/video/BV18a4y177BU
爬宠,给蚯蚓打上一个结，它能自己解开吗？,,453.9万,1.3万,2021-04-09,歪点子实验室,,03:47,https://www.bilibili.com/video/BV1Hp4y187rP
爬宠,蜘蛛说：我好冷！,天气慢慢转冷了，特别是帅叔所在地正好是不南不北的尴尬地方，现在气温只有几度，又没有暖气，所以养的小宠物会进入冬眠，一些热带物种甚至会被直接冻死，所以今天我制作了一个恒温箱，给小宠物们安个温暖的家。,12.9万,341,2020-12-11,歪点子实验室,,03:13,https://www.bilibili.com/video/BV1Ty4y1B7nZ
爬宠,蜈蚣卵！你一定没见过！漂亮！,仔细看这些蜈蚣的卵，这颜色亮黄亮黄的，真的好漂亮，而且是软的，非常有弹性，就像果冻一样。接下来我会不定时跟踪拍摄，记录这些卵的孵化过程，大家想看吗？,29.7万,922,2020-07-31,歪点子实验室,,02:07,https://www.bilibili.com/video/BV1a5411a78z
爬宠,你一定没见过！蟑螂蜕皮的过程！,,30.7万,318,2021-03-30,歪点子实验室,,02:47,https://www.bilibili.com/video/BV1tN411X74F
爬宠,传说中的白额高脚蛛！为灭蟑螂而生？真的有这么神秘吗？,这是一只白额高脚蛛，网红灭蟑螂的神虫，相信各位已经期待很久了。据说只要买几只散养在家里，不吃药，不打针，就能消灭蟑螂。,13.2万,587,2020-09-24,歪点子实验室,,04:14,https://www.bilibili.com/video/BV1rz4y1Z7MX
爬宠,20厘米长的巨型蜈蚣！脾气暴躁，性情凶猛！,这是一只海南间脚蜈蚣，据说它脾气暴躁，性情凶猛，毒性还非常大，所以搞了一只来玩玩。看，这大毒牙，一看就不是什么善类，还有这尾巴长得都这么霸气。,381.0万,644,2021-03-16,歪点子实验室,,03:03,https://www.bilibili.com/video/BV11V411Y7Pr
爬宠,白白的！嫩嫩的！滑滑的！开箱几只肥嘟嘟的大蜗牛！,今天我们来开箱几只大蜗牛-白玉蜗牛，据说这种蜗牛是世界上体型最大的蜗牛的一个亚种，是由非洲大蜗牛白化变异而来的。这种白玉蜗牛身上的粘液相比普通蜗牛要少很多，不会像鼻涕虫那样全是恶心的粘液。,17.6万,1307,2020-08-12,歪点子实验室,,05:11,https://www.bilibili.com/video/BV1p54y1i7R9
爬宠,一时冲动！买了一只鳄龟！有点猛！,接下来我会让这只鳄龟去咬各种奇奇怪怪的东西，可能会有蟑螂，水蛭，清道夫，甚至还有手机等等。还请各位小伙伴多多点赞，支持我一下吧。我知道大家都跟我一样家境贫寒，只要点赞就够了。,47.0万,2432,2020-09-09,歪点子实验室,,05:10,https://www.bilibili.com/video/BV1TT4y1A7g1
爬宠,长了“四条腿、六只角”的怪物鱼你见过吗？,今天我们要来开箱一种长了六只角和四条腿的鱼，下面让我们来看看这种怪物鱼到底长什么样？,29.6万,320,2020-12-22,歪点子实验室,,03:03,https://www.bilibili.com/video/BV1Dh411Z7t5
爬宠,好兴奋！白蚁开始挖洞了！,其实养一些白蚁玩玩还是挺有趣的，既不需要经常喂食，扔一块木板就能吃一整年，也不需要担心越狱，只要不是婚飞的蚁王蚁后跑出来，一般问题都不大，强力推荐！,91.7万,375,2021-01-26,歪点子实验室,,03:01,https://www.bilibili.com/video/BV1Wz4y1S7vJ
爬宠,剖开蚁后的大肚子，里面全是蚂蚁卵吗？,话说蚁后每天都能产好多卵，是不是意味着蚁后的屁股里充满了蚂蚁卵呢？,116.6万,771,2020-12-18,歪点子实验室,,03:51,https://www.bilibili.com/video/BV1YX4y1u7Kw
爬宠,它能喷出致命的化学武器！把猎物全部熏死！,只是我有个疑问，看这身板，明明可以靠物理攻击取胜，为什么非要靠魔法攻击呢？,64.7万,220,2021-03-19,歪点子实验室,,02:42,https://www.bilibili.com/video/BV11i4y1K7Wp
爬宠,世界上最可爱的蜘蛛，眼睛长在后脑勺,跳蛛有八颗眼睛，是的，你没听错，就是八颗眼睛。据研究发现这些眼睛的视力不亚于人类的视力。这八颗眼睛使得跳蛛拥有360度视觉范围。,9.4万,426,2020-07-20,歪点子实验室,,02:22,https://www.bilibili.com/video/BV1sk4y1B7hA
爬宠,蟑螂在零下18度低温下还能存活吗？结果太令人震惊了！,蟑螂在零下18度低温下还能存活吗？结果太令人震惊了！,38.9万,723,2021-04-02,歪点子实验室,,04:47,https://www.bilibili.com/video/BV1ov41187fz
爬宠,一时冲动！买了一群蝎子！这毒刺看着好吓人！,蝎子在沂蒙山当地可是一种美食，我吃过油炸蝎子，嘎嘣脆，有兴趣的小伙伴可以去尝尝看！,71.0万,972,2021-02-09,歪点子实验室,,03:39,https://www.bilibili.com/video/BV1Uy4y1n7ES
爬宠,蜘蛛毒牙！一口毙命？蟑螂被毒蜘蛛咬一口，还能活多久？,说到蜘蛛，可能给大家的第一印象是：八条腿像只螃蟹？吐丝结网蜘蛛精？又或者是恐怖的毒牙！今天我们要聊的就是蜘蛛的毒牙！看看蜘蛛的毒牙到底有多厉害。等一下我会让蜘蛛咬一下蟑螂，然后计时，看看蟑螂还能活多久...,20.2万,1583,2020-04-29,歪点子实验室,,05:23,https://www.bilibili.com/video/BV1We411s7zu
爬宠,1000条面包虫 vs 蜘蛛 vs 蝎子！画面极其惨烈！,,195.4万,795,2021-02-16,歪点子实验室,,03:08,https://www.bilibili.com/video/BV1vv4y1Z7kL
爬宠,它们是最美丽的杀手！开箱兰花螳螂！,,12.2万,512,2021-02-26,歪点子实验室,,06:12,https://www.bilibili.com/video/BV1ch411k7Bz
爬宠,天哪！这里有200只南方大蟑螂！是会飞的那种！,今天来给大家看点有意思的东西。这里面有200只蟑螂，我相信你们一定没见过这么多蟑螂吧。看，个个都长得膘肥体壮的。,35.9万,499,2021-03-12,歪点子实验室,,02:13,https://www.bilibili.com/video/BV1Kr4y1P7YW
爬宠,开箱两只呆萌呆萌的角蛙！结果悲剧了！,,15.2万,723,2020-08-17,歪点子实验室,,04:57,https://www.bilibili.com/video/BV18a4y177sa
爬宠,以小博大！小螳螂竟然把比自己大的蟑螂吃掉了！,这只螳螂比较干瘦，蟑螂矮胖矮胖的，虽然螳螂的体长要比蟑螂长上一些，但体重明显要轻上许多。那么，大家猜猜看，这只轻量级的螳螂能否成功捕杀重量级的蟑螂呢？,22.1万,1771,2020-07-27,歪点子实验室,,04:28,https://www.bilibili.com/video/BV1264y1F7bU
爬宠,凶猛的鳄龟居然也有今天？蟑螂都已经欺负到头上了！,鳄龟看到这么多蟑螂，头皮都发麻了，动都不敢动，任由蟑螂欺负。鳄龟兄，蟑螂都已经欺负到头上了，你作为鳄龟的尊严呢？,16.1万,368,2020-11-05,歪点子实验室,,03:41,https://www.bilibili.com/video/BV1cV411a7pZ
爬宠,一时好奇！养了一窝白蚁！会不会越狱后咬烂家里的木头？,自从拍了几期蚂蚁视频以后，很多小伙伴都私信我，说想看看白蚁的视频，没问题，马上安排上。,55.3万,175,2020-12-25,歪点子实验室,,03:16,https://www.bilibili.com/video/BV1qy4y1i7pV
爬宠,100000条面包虫 vs 世界上最辣的辣椒！,我手上已经开始发红了，火辣火辣的，特别是碰到水以后，越洗越辣，怎么洗都洗不掉。,20.2万,491,2021-03-05,歪点子实验室,,02:50,https://www.bilibili.com/video/BV1X54y1h7tq
田园美食,看着都疼！抓螃蟹的后果！,今天我来到了长江边上，听说这里螃蟹很多，等一下去抓一点当下酒菜，希望今天的收获还不错吧,14.8万,939,2020-06-10,歪点子实验室,,06:51,https://www.bilibili.com/video/BV1pa4y1v7UU
科学科普,【实验】蟑螂真的百毒不侵吗？蟑螂细菌实验！,那么问题来了，如果把同样很脏的蟑螂放进这些充满细菌的培养皿里面，蟑螂到底能不能存活下来呢？能存活多久？今天我们就来做这个实验,21.9万,984,2020-08-26,歪点子实验室,,03:37,https://www.bilibili.com/video/BV16y4y1C73h
科学科普,它居然在吃自己的身体！蟑螂只剩下个头还能吃东西吗？,都说蟑螂是个变态的虫子，据说如果蟑螂只剩下个头了，它还能吃东西。我就不信了，以我多年研究蟑螂得出的经验，其实蟑螂是个很脆弱的虫子，比如放真空中，几秒钟就死了，比如冷冻它，也死了，比如给它吃各种奇奇怪怪的东西，结果都是死。那么，事实到底会是什...,37.3万,1869,2020-03-12,歪点子实验室,,02:41,https://www.bilibili.com/video/BV1AE411K7n1
科学科普,【危】蟑螂入侵电源，能把电源搞炸掉吗？（下）,"上期我们说到，台式机电源是蟑螂理想的藏身处，我把几只蟑螂扔进了电源里，看蟑螂能不能把电源搞爆掉。今天早上好像有情况，电源风扇不转了，难道电源真的炸了？
上期链接：BV1BD4y1m7xa",14.6万,606,2020-09-04,歪点子实验室,,06:01,https://www.bilibili.com/video/BV18t4y1S7i9
科学科普,蟑螂VS火椅，烧死蟑螂的奇怪武器！,Hello大家好，欢迎来到歪点子实验室。还记得这个椅子吗？没错，这就是之前用来处决蟑螂的电椅，今天我们要把它改造一下，变成一个火椅，同样用来处决蟑螂，看看到底是电椅厉害还是火椅厉害，好了，屁话不多说，开始吧。,77.6万,3657,2020-03-14,歪点子实验室,,02:14,https://www.bilibili.com/video/BV1QE411V7DT
科学科普,当蟑螂跑进插座里！220伏特高压电伺候！,当蟑螂跑进插座里！220伏特高压电伺候！,152.7万,3108,2020-12-15,歪点子实验室,,03:18,https://www.bilibili.com/video/BV1g5411V7U6
科学科普,【实验】蟑螂断腿重生！结局又一次颠覆三观！,蟑螂出车祸了，断了一条腿，还能长回来吗？,10.0万,323,2020-09-14,歪点子实验室,,03:59,https://www.bilibili.com/video/BV1TK4y1a76b
科学科普,开箱一坨黑乎乎的大蚂蚁！,Hello大家好，欢迎来到歪点子实验室。很多小伙伴都私信我，说想看看蚂蚁吃蟑螂，没问题，还请大家多多点赞，今天先来个开胃菜，开箱一盒蚂蚁，接下来将会有蚂蚁吃蟑螂等各种精彩的视频，敬请期待。,32.0万,796,2020-03-17,歪点子实验室,,03:20,https://www.bilibili.com/video/BV1v7411o7S5
科学科普,【实验】蟑螂身上到底有多少病菌？手机真的比蟑螂还脏吗？,大家都知道蟑螂身上会带有很多细菌，大家也都知道，长期不消毒的手机上也会带有大量的细菌。那么今天我们就来做个实验，看一看到底是蟑螂更脏呢？还是我们时时刻刻握在手里的手机更脏？,22.4万,1357,2020-08-03,歪点子实验室,,04:41,https://www.bilibili.com/video/BV1sV411z7CD
科学科普,蟑螂能钻进多窄的缝隙？堪称二次元生物！,大家知道，蟑螂作为一种准二次元生物，其扁平化的设计理念，几乎能让其做到无缝不钻。今天我们就来测试测试，蟑螂到底能钻进多窄的缝隙。,17.8万,2613,2020-07-22,歪点子实验室,,06:51,https://www.bilibili.com/video/BV1n54y1S7Xf
科学科普,断成200段都不死？它是地球上再生能力最强的动物！,据说有这么一种生物，它的再生能力异常强大，不管把它切成多少段，每一段都能重生成完整的个体。它就是涡虫。据说曾经有科学家把涡虫切成了两百多段，结果这两百多个涡虫碎片都成活了，是不是很神奇？,55.1万,685,2021-01-08,歪点子实验室,,03:03,https://www.bilibili.com/video/BV13a4y1H7LH
科学科普,太漂亮了！猜猜这是啥？你绝对想不到它是一只眼睛！,昨天晚上在外面抓壁虎，正巧壁虎嘴里咬着这么个家伙，被我从虎口里救了出来，但为时已晚，它还是挂掉了。今天我们就来仔细看看这只豆娘。至于壁虎的视频，已经在制作中了，还请大家多多点赞，来催促我更新。,10.6万,265,2020-09-11,歪点子实验室,,02:52,https://www.bilibili.com/video/BV1mp4y1e7Nr
科学科普,超级硬核！自制全自动蟑螂捕捉器！,,10.9万,444,2021-01-22,歪点子实验室,,04:53,https://www.bilibili.com/video/BV1Wz4y1S7Xn
科学科普,【实验】最没意义的研究！如何让蟑螂药杀不死小强！,今天突发奇想，来做个实验，验证一下多少浓度的蟑螂药才能毒死蟑螂？我会把蟑螂药分别稀释100倍，1000倍，10000倍，然后用这些蟑螂药水溶液浸泡蟑螂的食物，喂给蟑螂吃，看蟑螂能不能存活下来。注意：本视频极其不严谨，纯属娱乐。,8.2万,390,2020-08-28,歪点子实验室,,04:06,https://www.bilibili.com/video/BV1YD4y1m7hk
科学科普,我居然吃了用蟑螂做的药！,昨天晚上胃痛得厉害，我的老胃病又犯了，只能去医院做检查。我怀疑那医生是不是也看我视频，他竟然给我开一瓶用蟑螂做成的药----康复新液！干杯！,12.0万,702,2020-10-21,歪点子实验室,,06:05,https://www.bilibili.com/video/BV1D54y167hb
科学科普,真的可以把蟑螂溶解了？结果很意外！,提醒一下，84消毒液还是有一定的腐蚀性的，大家在使用的时候，千万不要长时间浸泡，否则美食将会变成你眼前的这瓶臭水一样。,33.7万,748,2021-02-23,歪点子实验室,,03:12,https://www.bilibili.com/video/BV1yb4y1R7E8
科学科普,颠覆认知！白蚁不是白色的蚂蚁，而是蟑螂！,那么白蚁到底是不是蚂蚁呢？很显然不是。白蚁在生物学上的分类比较乱。起初白蚁被划分到一个单独的目，等翅目，随后在2018年白蚁被划分到蜚蠊目，也就是说，白蚁是一种蟑螂。,27.0万,754,2020-07-15,歪点子实验室,,02:23,https://www.bilibili.com/video/BV1et4y1Q73r
科学科普,被100只蟑螂入侵过的电源！拆开后惊呆了！,作为一个资深蟑螂养殖农民，读书比较少，我自然对电源的专业的参数不感冒，唯独只对“防虫”这一点特别感兴趣，所以今天我们要做的就是向这台七防芯电源里放入100只蟑螂，看这台电源能坚持多久。,28.8万,1324,2020-12-03,歪点子实验室,,08:36,https://www.bilibili.com/video/BV1Tp4y1z76K
科学科普,解剖蜘蛛的毒牙和蝎子的毒刺！真的充满了毒液吗？,,23.1万,421,2021-02-12,歪点子实验室,,03:26,https://www.bilibili.com/video/BV1mz4y1U7Gn
竞技体育,把一堆蟑螂粘到乒乓球上！会自动滚起来吗？最后有彩蛋！,,18.8万,922,2020-11-14,歪点子实验室,,02:40,https://www.bilibili.com/video/BV1FV411a7kS
美食制作,蝎子喷油？你一定没见过！歪叔的高能黑暗料理！,,15.9万,699,2021-02-19,歪点子实验室,,03:31,https://www.bilibili.com/video/BV1AN41197QV
美食制作,给“毛毛虫”喝点高度白酒会怎么样？揭秘酒香大青虫的制作方法！,今天早上去菜场买了一斤青菜，回到家正准备洗了放锅里炒的时候，我发现了这个家伙...一只巨大的毛毛虫，买青菜还附赠一叠小荤菜，值了。这家伙身上长满了“眼睛”，不知道能不能眼观四路，每次碰它都会扭来扭去，脾气还挺大的，好嚣张的样子，等一下把你泡...,5.4万,659,2019-08-12,歪点子实验室,,03:33,https://www.bilibili.com/video/BV1q4411Q739
美食测评,给“面包虫”吃点“芥末”会怎么样？万万没想到比兴奋剂还猛！,哎，说来也惭愧，活了也小几十年了，连芥末都没吃过，不知道什么味道，所以前几天上网买了一盒回来，当然，好东西不能独享，先给面包虫吃一点吧，不知道它们会不会喜欢。,68.8万,2844,2019-07-10,歪点子实验室,,02:58,https://www.bilibili.com/video/BV1ux411f7mY
美食测评,小螃蟹复仇记，猛吃面包虫，一洗前耻！,"这是之前小螃蟹被1000只面包虫掏空身体的画面，没有看过的小伙伴可以翻阅前面的视频，可以看到小螃蟹被面包虫虐得很惨，只剩下了一具空壳。今天小螃蟹走上了复仇之路，那么，小螃蟹到底能不能报仇成功呢？一起跟我来看看吧
微信公众号：歪点子实验室
新...",9.0万,279,2019-08-10,歪点子实验室,,02:45,https://www.bilibili.com/video/BV114411X7L8
美食测评,蟑螂挑战死神辣条！全世界最辣的辣条！,Hello大家好，欢迎来到歪点子实验室，今天蟑螂兄要挑战世界上最辣的辣条--死神辣条。大家猜猜看，蟑螂兄会吃死神辣条吗？吃了以后会怎么样？欢迎在评论区留言。好了，屁话不多说，开始今天的实验吧。,46.5万,1520,2019-12-13,歪点子实验室,,02:37,https://www.bilibili.com/video/BV1YJ411C7Bu
野生技能协会,把一次性手套装在汽车排气管上，这威力简直了！,"之前在拍蟑螂视频的时候，很多小伙伴都说我抓蟑螂不带套，哦不，手套，差评，那没办法，我就去买了一箱手套，打开一看，500双，这么多我也用不完啊，那接下来就开始我们的浪费手套之旅吧。
想要本视频BGM的可以关注微信公众号“歪点子实验室”，回复B...",2.1万,94,2019-05-18,歪点子实验室,,02:37,https://www.bilibili.com/video/BV1o441177Jv
野生技能协会,车轮压手机升级版，时速100公里的车子从手机上压过去,今天我们要做的实验是车轮压手机，实验分成两个部分，第一部分是普通的怠速压手机，这个很多人都做过。第二部分来点难度，把车子加速到100km/h压手机，手机会被碾碎吗？很期待吧，废话不多说，那就开始吧。,9016,54,2019-04-16,歪点子实验室,,03:45,https://www.bilibili.com/video/BV1Yb411j789
野生技能协会,手机被汽车拖着在地上摩擦10公里会怎样，后面的车以为我是傻X,为了满足大家的好奇心，我要把这两部手机都系在绳子上，然后绑在车后面，让车子拖着手机在地上摩擦，开10公里，手机会变成什么样，是不是很刺激，那么让我们开始吧。,1.3万,107,2019-04-15,歪点子实验室,,05:43,https://www.bilibili.com/video/BV1Nb411j7qG
日常,歪点子(抄襲)实验室道歉視頻吐槽 EP2,"歪點子實驗室 道歉總結:
1.向好奇五先生以及在座的各位道歉
2.鎖骨斷了，請大家同情我一下
3.關於《我有個朋友開淘寶店抄襲五先生》的聊天洗白和五先生臭罵了我一頓
4.除了驅蚊液，其他的我都能狡辯
5.反正我沒有抄襲，只是前期模仿
6.賣...",182,0,2021-08-30,春の桜游戏工作室,,00:32,https://www.bilibili.com/video/BV1Mq4y1U7CY
日常,歪点子(抄袭)实验室道歉视频吐槽 EP.1,"【歪点子实验室向好奇五先生道歉，对不起，我错了！ -哔哩哔哩】
https://b23.tv/BV1sb4y1m7Z6
歪点子实验室 道歉总结:
1.向好奇五先生以及在座的各位道歉
2.锁骨断了，请大家同情我一下
3.关于《我有个朋友开淘宝...",526,1,2021-08-29,春の桜游戏工作室,,00:49,https://www.bilibili.com/video/BV1Sq4y1K769
综合,关于五先生与歪点子实验室的那些事，我是这么看的。,可以随意转载，让更多人看到这条视频。,1875,2,2021-08-29,一只爱游戏王的马利克,,00:32,https://www.bilibili.com/video/BV1Q3411B7uV
日常,好奇五先生爆锤歪点子实验室抄袭的大致内容（关于视频内容和网店）,-,5860,15,2021-08-29,绿藤炮王,,01:30,https://www.bilibili.com/video/BV11v411A7As
科学科普,关于WDZ实验室删除的动态 众所周知视频不能PS,"《保证不删评论》《不开这个店铺也罢》《近两年来，我几乎没看过他的视频》《店铺现在交给朋友在运营》
《风格相同》《动了蛋糕》《为什么不能和睦相处呢》《致人死地》
真就把观众当傻子呗  笑死了",2190,0,2021-08-29,杏仁君,,00:42,https://www.bilibili.com/video/BV1iy4y1G7L3
搞笑,用营销号的方式打开歪点子实验室,啊！我不是营销号，不要举报,2513,0,2021-08-17,柯降龙,,00:28,https://www.bilibili.com/video/BV1AP4y1p7j2
其他,哔哩哔哩的UP主歪点子实验室的视频，被快手一个人盗了！,快手这个人叫歪点子实验，没错，就是歪点子实验，还有大家不要暴露我的信息，很你们的来头。,2117,1,2020-04-15,多啦SX梦,,01:37,https://www.bilibili.com/video/BV15V411Z76d
其他,有人也太不要face了吧！盗了人家的视频，改个配音就成自己的啦，快去揭穿他呀！他的快手号是这个liu921229@歪点子实验室,快手,567,0,2020-07-14,变革OVO,,01:08,https://www.bilibili.com/video/BV1n5411e7yy
搞笑,用营销号的方式打开歪点子实验室的视频,md，装营销号真累，沙雕文案写了一个早上,1944,5,2020-03-25,某侠小天使,,01:31,https://www.bilibili.com/video/BV1V741127BB
其他,当你用营销号的方式打开歪点子实验室 沙雕营销号,素材出处 哔哩哔哩 歪点子实验室,300,0,2020-07-04,历史总是神经的相似,,00:54,https://www.bilibili.com/video/BV1Uz411e774
日常,蟑 螂 很 可 怕 吗,-,319,0,2021-08-07,骨灰扬诺夫斯克上将,,00:35,https://www.bilibili.com/video/BV1Lq4y1Q7RA
搞笑,火星异种黑人抬棺,腾讯微视,300,1,2020-05-31,sabermyj,,00:35,https://www.bilibili.com/video/BV1Wf4y127Qq
搞笑,QQ群疯传-蟑螂哥,Q群疯传的蟑螂亲儿,174,0,2020-10-25,御坂煤琴,,00:21,https://www.bilibili.com/video/BV1Ey4y1B7oY
人文历史,外来生物入侵：入侵生物到底是自然意志对人类的恩赐还是惩罚？,,294,0,2021-04-24,神滚滚来了,,12:17,https://www.bilibili.com/video/BV1zU4y1b7Sa
手机游戏,这也竖倒赞？,-,39,0,2021-05-23,歪点子Plagiarism实验室,,00:53,https://www.bilibili.com/video/BV1f44y167ia
手机游戏,麦克牛批,-,41,1,2021-02-19,歪点子Plagiarism实验室,,00:28,https://www.bilibili.com/video/BV1Np4y1W7QK
手机游戏,新手有俩寒冰卷轴？,有手就行～～～,34,0,2021-06-08,歪点子Plagiarism实验室,,00:37,https://www.bilibili.com/video/BV1YK4y137du
手机游戏,问:这波怎么第一 答:瞎按出奇迹,看到简介的把看简介打到弹幕上谢谢,300,0,2021-03-05,歪点子Plagiarism实验室,,02:11,https://www.bilibili.com/video/BV1vy4y177mn
手机游戏,布洛克这么强还不削（doge）,-,2336,8,2021-02-19,歪点子Plagiarism实验室,,00:41,https://www.bilibili.com/video/BV1cy4y1J7MK
手机游戏,普隼通关视频,-,13,0,2021-05-28,歪点子Plagiarism实验室,,08:19,https://www.bilibili.com/video/BV1464y1o7FW
手机游戏,【忍三】33排位赛（困难图）,-,74,0,2021-06-08,歪点子Plagiarism实验室,,04:27,https://www.bilibili.com/video/BV1qg411G7Je
手机游戏,雪莉yyds,-,50,0,2021-02-19,歪点子Plagiarism实验室,,00:11,https://www.bilibili.com/video/BV1n5411N7P7
手机游戏,橡皮人几天不见这么捞了,-,449,0,2021-02-19,歪点子Plagiarism实验室,,00:47,https://www.bilibili.com/video/BV1UV411e7X5
手机游戏,呦，这不橡皮吗，几天不见又变捞了,-,476,4,2021-02-21,歪点子Plagiarism实验室,,02:57,https://www.bilibili.com/video/BV1oo4y197rN
手机游戏,《交流病情》,-,25,0,2021-03-12,歪点子Plagiarism实验室,,00:38,https://www.bilibili.com/video/BV1cf4y1t7o8
手机游戏,天  选  之  战  ！  ！  ！,-,180,3,2021-02-21,歪点子Plagiarism实验室,,01:56,https://www.bilibili.com/video/BV1yh411r7MQ
明星,乖乖 或许我们俩看的是同一个视频吗（迷人气泡音）,"第二个视频出自 歪点子实验室
侵歉删

祝大家看的开心",1.1万,8,2021-08-26,我哩脑阔_真秀,,00:38,https://www.bilibili.com/video/BV1DQ4y1Y7Qu
日常,［搬运］蟑螂在零下18度能不能存活？,"好看视频
原作者：歪点子实验室",54,0,2021-04-07,Lucky-101,,04:54,https://www.bilibili.com/video/BV1Fi4y1N7Hn
短片·手书·配音,螳螂捕蝉，黄雀在后,-友情客串:@阿幕降临@歪点子实验室 以及2233娘,193,0,2020-05-22,uni喜羊羊,,00:44,https://www.bilibili.com/video/BV1oV411C7Hw
爬宠,五千面包虫大军大战橘子君结局太惨了,-,15.0万,88,2021-05-10,鬼点子实验室,,00:55,https://www.bilibili.com/video/BV1vq4y1772d
爬宠,2000只30岁的大麦虫集体补肾,-,5124,3,2021-05-11,鬼点子实验室,,01:10,https://www.bilibili.com/video/BV1uv4115731
单机游戏,【传说之下半攻略】热域—实验室到热域—蠢点子区域|||实验室狗窝？？？？？？？,自制、传说之下、热域、不可随意盗走！！！！！！,51,0,2020-10-01,S1Xp7u3oNe123,,32:55,https://www.bilibili.com/video/BV13A41177FY
科学科普,8个意想不到的果蔬创意点子！,"转载自：https://www.youtube.com/watch?v=6pDJRO1iohY  UP主：Mr. Hacker
【搬运视频】生活就是要多给自己找点乐子哇~


视频原标题：8 FUN IDEAS WITH FRUITS ...",1660,49,2018-05-13,爆炸实验室BoomLab,,10:37,https://www.bilibili.com/video/BV17p411f7Fo
单机游戏,[透明实验室]篝火是否会消灭物品呢？,"新手上路，希望大佬们提出些点子，会使用重工业设备有排面的进行实验。(最后有彩蛋)
音乐:Pay phone.(伴奏)",25,0,2019-07-17,别烎开火号2,,01:17,https://www.bilibili.com/video/BV1Wt411g7ux
人文历史,B站UP主掉粉日报【2021-08-29】bili_466272，歪点子实验室，前进的Hania,"B站UP主掉粉日报，每天17:00更新（大概）
本期排行(取当天0点的数据)：
1.bili_466272：-7182粉/天[531.50万]
2.歪点子实验室：-6170粉/天[64.17万]
3.前进的Hania：-2668粉/天[66...",592,0,2021-08-29,御御姐儿摆摆猫,,00:55,https://www.bilibili.com/video/BV1TM4y157d4
人文历史,B站UP主掉粉日报【2021-08-30】歪点子实验室，解说英凯，bili_466272,"B站UP主掉粉日报，每天17:00更新（大概）
本期排行(取当天0点的数据)：
1.歪点子实验室：-12337粉/天[62.93万]
2.解说英凯：-7601粉/天[68.42万]
3.bili_466272：-7246粉/天[530.78...",1299,5,2021-08-30,御御姐儿摆摆猫,,00:55,https://www.bilibili.com/video/BV19Q4y117xg
社科·法律·心理,"B站近期掉粉最快榜,王者荣耀赛事,解说猪哼,歪点子实验室【吃瓜日报-2021年08月29日23点】","王者荣耀赛事,解说猪哼,歪点子实验室,解说英凯,YANG老阳YANG,bili466272原机智的党妹,王者荣耀直播姬,LexBurner,英雄联盟手游
狸工智能UP主(吃瓜)日刊，每天和日报同步更新
本视频由狸工智能自动生成，未经人工复核...",350,0,2021-08-30,狸工智能掉粉日刊,,01:07,https://www.bilibili.com/video/BV1RQ4y117ji
日常,歪点子实验室，山寨抄袭能不能别老是盯着我？,歪点子实验室一而再，再而三的模仿抄袭，在其行为变本加厉后，今天我决定将这一切公之于众,20.4万,6068,2021-08-28,好奇五先生,,36:54,https://www.bilibili.com/video/BV1dU4y1j7xW
综合,"UP掉粉日报【2021-08-29】 歪点子实验室,bili_466272,英雄联盟手游","UP掉粉日报，每天更新（大概）
喜欢的小伙伴们点个赞吧

本期排行：
No.1. 哔哩哔哩王者荣耀赛事: -23967粉/天

No.2. 歪点子实验室: -16230粉/天

No.3. bili_466272: -7444粉/天

No...",344,0,2021-08-30,一梦千古123,,01:01,https://www.bilibili.com/video/BV1hb4y1m7Gf
日常,歪点子实验室实锤抄袭五哥素材,https://b23.tv/R0bdyO,3354,11,2021-08-28,黑索金映画,,00:33,https://www.bilibili.com/video/BV1Uq4y1K7vt
搞笑,歪点子实验室究竟有没有买粉？,-,565,3,2021-08-30,虎鲨Tiger-shark,,01:59,https://www.bilibili.com/video/BV1Zq4y1K731
社科·法律·心理,"UP日报2021年08月29日23点,王者荣耀赛事,解说猪哼,歪点子实验室","王者荣耀赛事,解说猪哼,歪点子实验室,解说英凯,YANG老阳YANG,bili466272原机智的党妹,王者荣耀直播姬,LexBurner,英雄联盟手游
狸工智能UP主(吃瓜)日刊，每天和日报同步更新
本视频由狸工智能自动生成，未经人工复核...",674,12,2021-08-30,狸工智能,,01:07,https://www.bilibili.com/video/BV1ih411W7WM
